algo,cluster_id,lat,long,n_points
hdbscan,0.0,45.73250471428572,5.001215857142857,7.0
hdbscan,1.0,45.70550255555556,4.986952,9.0
hdbscan,2.0,45.70509361538461,4.991541,13.0
hdbscan,3.0,45.81153792307692,4.914545076923077,13.0
hdbscan,4.0,45.657711857142864,4.9000957142857136,7.0
hdbscan,5.0,45.688507400000006,4.7783678,5.0
hdbscan,6.0,45.68763766666667,4.769887333333333,21.0
hdbscan,7.0,45.67857055555555,4.775239,9.0
hdbscan,8.0,45.822481027777776,4.955956138888889,36.0
hdbscan,9.0,45.827545166666674,4.957221916666667,12.0
hdbscan,10.0,45.68170886666667,4.7926308,15.0
hdbscan,11.0,45.69221432352941,4.787421705882353,34.0
hdbscan,12.0,45.68640565217391,4.784995652173913,23.0
hdbscan,13.0,45.7309025,4.975138375,8.0
hdbscan,14.0,45.69994803433477,4.766366540772532,466.0
hdbscan,15.0,45.664614666666665,4.8280705,6.0
hdbscan,16.0,45.7210671,4.74955485,20.0
hdbscan,17.0,45.70742052941176,4.753466705882353,17.0
hdbscan,18.0,45.70944644,4.74558708,25.0
hdbscan,19.0,45.80401972727273,4.984504727272728,11.0
hdbscan,20.0,45.78529719148936,5.003427872340426,47.0
hdbscan,21.0,45.809387422018354,4.972082706422018,109.0
hdbscan,22.0,45.79234758333334,4.990272611111111,36.0
hdbscan,23.0,45.8019288677686,4.937195553719008,121.0
hdbscan,24.0,45.764785,5.003670848484848,33.0
hdbscan,25.0,45.76643431884058,4.994459304347826,69.0
hdbscan,26.0,45.70482616666666,4.913166333333334,6.0
hdbscan,27.0,45.7054685625,4.91884775,16.0
hdbscan,28.0,45.81155385416667,4.939864979166667,48.0
hdbscan,29.0,45.8129594,4.933732,5.0
hdbscan,30.0,45.78210394117647,4.988286294117647,17.0
hdbscan,31.0,45.68478928571428,4.947649142857143,7.0
hdbscan,32.0,45.663958,4.893155,10.0
hdbscan,33.0,45.665704504587154,4.886545660550459,109.0
hdbscan,34.0,45.793118875,4.954239125,16.0
hdbscan,35.0,45.77925208571428,4.979750542857143,70.0
hdbscan,36.0,45.77082041666667,4.969770333333333,12.0
hdbscan,37.0,45.66829916666666,4.901323666666667,6.0
hdbscan,38.0,45.67754823529412,4.898483823529412,17.0
hdbscan,39.0,45.79835214285714,4.950696285714286,7.0
hdbscan,40.0,45.80281865921789,4.960183122905028,358.0
hdbscan,41.0,45.776729,4.991707,88.0
hdbscan,42.0,45.7655653275463,4.981785491898148,864.0
hdbscan,43.0,45.776111,4.987985500000001,8.0
hdbscan,44.0,45.836848,4.9080465,6.0
hdbscan,45.0,45.77731575,4.959602,16.0
hdbscan,46.0,45.76365883333333,4.964278333333334,6.0
hdbscan,47.0,45.8389778,4.9165148,5.0
hdbscan,48.0,45.842418,4.914665,129.0
hdbscan,49.0,45.76928138888889,4.956478027777778,36.0
hdbscan,50.0,45.77459685714285,4.954327999999999,14.0
hdbscan,51.0,45.68482677777777,4.916797111111111,9.0
hdbscan,52.0,45.67347255555555,4.922995722222222,18.0
hdbscan,53.0,45.72233432467533,4.761029662337663,77.0
hdbscan,54.0,45.69740814285715,4.901898642857143,14.0
hdbscan,55.0,45.67726733333333,4.831416,6.0
hdbscan,56.0,45.6666024,4.841674866666667,15.0
hdbscan,57.0,45.656650444444445,4.837914333333334,9.0
hdbscan,58.0,45.674191715,4.858788805,200.0
hdbscan,59.0,45.66577872727273,4.852646363636364,11.0
hdbscan,60.0,45.8396994,4.814069,5.0
hdbscan,61.0,45.731344,4.734613,866.0
hdbscan,62.0,45.73002525,4.7401905,8.0
hdbscan,63.0,45.7756386,4.7476248,5.0
hdbscan,64.0,45.785983461538464,4.732041087179487,195.0
hdbscan,65.0,45.7813314,4.937035799999999,5.0
hdbscan,66.0,45.769927,4.733682375,8.0
hdbscan,67.0,45.789039200000005,4.91313,15.0
hdbscan,68.0,45.77887890350877,4.9238518596491225,114.0
hdbscan,69.0,45.78153129411765,4.915170588235294,17.0
hdbscan,70.0,45.74479283333333,4.969588833333334,6.0
hdbscan,71.0,45.733192,4.771137666666667,6.0
hdbscan,72.0,45.756982888888885,4.726543277777778,18.0
hdbscan,73.0,45.68902042857143,4.832078142857143,7.0
hdbscan,74.0,45.7466638,4.722619,5.0
hdbscan,75.0,45.7445885,4.74897475,8.0
hdbscan,76.0,45.74310133333333,4.7421758333333335,6.0
hdbscan,77.0,45.7465624,4.7312966,5.0
hdbscan,78.0,45.73873640000001,4.7325226,5.0
hdbscan,79.0,45.73754183333333,4.727417833333333,6.0
hdbscan,80.0,45.737333,4.722907222222222,9.0
hdbscan,81.0,45.807072,4.902461,154.0
hdbscan,82.0,45.70500248387096,4.852156322580645,31.0
hdbscan,83.0,45.70185714285714,4.843219571428572,21.0
hdbscan,84.0,45.69532818181818,4.841664090909091,11.0
hdbscan,85.0,45.691662,4.84588,6.0
hdbscan,86.0,45.68625645,4.8465414,20.0
hdbscan,87.0,45.7207924,4.968220166666667,30.0
hdbscan,88.0,45.734893,4.964541625,8.0
hdbscan,89.0,45.73051880900798,4.951999955720258,5262.0
hdbscan,90.0,45.72828554545455,4.962298090909091,11.0
hdbscan,91.0,45.72917695833333,4.938752833333333,48.0
hdbscan,92.0,45.721199375,4.94161775,16.0
hdbscan,93.0,45.714782500000005,4.964286666666667,6.0
hdbscan,94.0,45.70806540909091,4.960645909090909,22.0
hdbscan,95.0,45.805089769230776,4.882060230769231,13.0
hdbscan,96.0,45.69859721428571,4.941206785714286,14.0
hdbscan,97.0,45.693297,4.871963166666667,6.0
hdbscan,98.0,45.694711968531465,4.867626360139861,286.0
hdbscan,99.0,45.81866590909091,4.864056878787879,33.0
hdbscan,100.0,45.71571966666667,4.9365245,6.0
hdbscan,101.0,45.837205375,4.789626,8.0
hdbscan,102.0,45.82723299999999,4.892772,26.0
hdbscan,103.0,45.810798,4.854787,5.0
hdbscan,104.0,45.82435625,4.9058795,12.0
hdbscan,105.0,45.83104304545454,4.874119045454545,22.0
hdbscan,106.0,45.83148156410256,4.879630082051282,195.0
hdbscan,107.0,45.81579437459283,4.893225459283388,307.0
hdbscan,108.0,45.81702725274725,4.904721923076924,91.0
hdbscan,109.0,45.8127162,4.794336933333333,15.0
hdbscan,110.0,45.84163163736264,4.799317626373626,91.0
hdbscan,111.0,45.82345441666666,4.796274416666667,12.0
hdbscan,112.0,45.83260714285715,4.799996285714286,7.0
hdbscan,113.0,45.79853675,4.778033071428572,28.0
hdbscan,114.0,45.726529375,4.77909875,8.0
hdbscan,115.0,45.80878946666667,4.7792916,15.0
hdbscan,116.0,45.73580561111111,4.931916444444444,36.0
hdbscan,117.0,45.73134148387097,4.783065870967742,31.0
hdbscan,118.0,45.71206604761905,4.835302190476191,21.0
hdbscan,119.0,45.80489247058824,4.754371235294117,17.0
hdbscan,120.0,45.8133955,4.75033325,8.0
hdbscan,121.0,45.80076846153846,4.7698010256410255,39.0
hdbscan,122.0,45.80004305714286,4.764494542857142,35.0
hdbscan,123.0,45.81564610909091,4.8180499090909095,55.0
hdbscan,124.0,45.797875000000005,4.802429588235294,17.0
hdbscan,125.0,45.798742454545454,4.8075,11.0
hdbscan,126.0,45.7982245,4.810781,6.0
hdbscan,127.0,45.82177716666666,4.759527333333334,6.0
hdbscan,128.0,45.805133314049584,4.7734008512396695,121.0
hdbscan,129.0,45.81915225227964,4.766479784194529,329.0
hdbscan,130.0,45.83216557142857,4.811904857142857,7.0
hdbscan,131.0,45.70554414285714,4.888727261904761,42.0
hdbscan,132.0,45.7057015,4.878595807692308,26.0
hdbscan,133.0,45.7494206,4.7654896,5.0
hdbscan,134.0,45.76017808333333,4.758982625,24.0
hdbscan,135.0,45.7558564,4.7646002,5.0
hdbscan,136.0,45.745609461538464,4.766478846153846,13.0
hdbscan,137.0,45.733204,4.7896974,15.0
hdbscan,138.0,45.78383823333333,4.784023933333333,30.0
hdbscan,139.0,45.851251352941176,4.864552647058823,17.0
hdbscan,140.0,45.82254788372093,4.819838976744186,43.0
hdbscan,141.0,45.8249414,4.8500284,5.0
hdbscan,142.0,45.84782806676783,4.852329556904401,659.0
hdbscan,143.0,45.811356355932205,4.842233169491525,59.0
hdbscan,144.0,45.81611092682927,4.846831487804878,123.0
hdbscan,145.0,45.7928945,4.807270666666667,6.0
hdbscan,146.0,45.73267188235294,4.916973470588236,17.0
hdbscan,147.0,45.73982275,4.916032716666666,60.0
hdbscan,148.0,45.829979,4.832571571428572,7.0
hdbscan,149.0,45.823963000000006,4.82863405,40.0
hdbscan,150.0,45.79945731578948,4.866727631578947,19.0
hdbscan,151.0,45.8417968,4.8437338,10.0
hdbscan,152.0,45.83764125246358,4.827020193640045,16541.0
hdbscan,153.0,45.84913140816326,4.829467612244898,49.0
hdbscan,154.0,45.778171,4.786798,10.0
hdbscan,155.0,45.7193069,4.7916192,10.0
hdbscan,156.0,45.70465930769231,4.813169615384616,13.0
hdbscan,157.0,45.70165080208333,4.809080145833334,96.0
hdbscan,158.0,45.741411,4.906614333333334,18.0
hdbscan,159.0,45.75639503448276,4.789439689655173,29.0
hdbscan,160.0,45.72159738218391,4.918348514367817,348.0
hdbscan,161.0,45.7223526,4.9292967,40.0
hdbscan,162.0,45.76577808595988,4.763587244985674,698.0
hdbscan,163.0,45.70983471365639,4.873225933920705,227.0
hdbscan,164.0,45.7794485882353,4.761636352941176,17.0
hdbscan,165.0,45.77618038235294,4.768269988235295,170.0
hdbscan,166.0,45.7425952,4.799383066666667,15.0
hdbscan,167.0,45.70641942857143,4.824697142857143,7.0
hdbscan,168.0,45.70504546666667,4.832369933333333,15.0
hdbscan,169.0,45.71674991666666,4.856886833333333,12.0
hdbscan,170.0,45.72029296344648,4.877939208877285,383.0
hdbscan,171.0,45.71807314609054,4.894746807613169,972.0
hdbscan,172.0,45.777166823529406,4.79083494117647,17.0
hdbscan,173.0,45.756091875,4.782753125,8.0
hdbscan,174.0,45.729151,4.887213153846154,13.0
hdbscan,175.0,45.7763736372549,4.778258421568627,102.0
hdbscan,176.0,45.76132598086125,4.778400291866029,209.0
hdbscan,177.0,45.75984450000001,4.771408166666666,12.0
hdbscan,178.0,45.771561,4.790622,9.0
hdbscan,179.0,45.76198711713405,4.836491384156427,155369.0
hdbscan,180.0,45.803171038461535,4.859290846153846,26.0
dbscan,2.0,45.84120034939759,4.799387361445783,83.0
dbscan,3.0,45.698144615384614,4.941260538461539,13.0
dbscan,4.0,45.83138152511415,4.879024164383562,219.0
dbscan,5.0,45.731334957617406,4.734656293241696,873.0
dbscan,6.0,45.77922099248121,4.922833218045112,133.0
dbscan,7.0,45.705616,4.888630892857143,28.0
dbscan,8.0,45.817041441527444,4.895501792362769,419.0
dbscan,9.0,45.808383125,4.77962975,16.0
dbscan,10.0,45.7306444263904,4.951865455288986,3668.0
dbscan,11.0,45.699947438709685,4.766385077419356,465.0
dbscan,12.0,45.80217502083334,4.960094428571428,336.0
dbscan,13.0,45.804958380952385,4.938315267857143,168.0
dbscan,14.0,45.67388868072289,4.858698198795181,166.0
dbscan,15.0,45.72233846268657,4.761091104477612,67.0
dbscan,16.0,45.78234758333334,4.98861725,12.0
dbscan,17.0,45.779219777777776,4.979491722222223,72.0
dbscan,18.0,45.69897942168675,4.847232566265061,83.0
dbscan,19.0,45.68979062903226,4.786842677419354,62.0
dbscan,20.0,45.665954444444445,4.8412268888888885,18.0
dbscan,21.0,45.798217323529414,4.805543794117646,34.0
dbscan,22.0,45.726054999999995,4.940006418181818,55.0
dbscan,23.0,45.69467316666667,4.8677266054421775,294.0
dbscan,24.0,45.8143115058548,4.766975388758782,427.0
dbscan,25.0,45.68763766666667,4.769887333333333,21.0
dbscan,26.0,45.73776906666667,4.7251233333333325,15.0
dbscan,27.0,45.785984223463686,4.731975681564245,179.0
dbscan,28.0,45.707417,4.753943214285714,14.0
dbscan,29.0,45.7715574,4.9693067,10.0
dbscan,30.0,45.81570865384616,4.81794625,52.0
dbscan,31.0,45.79246753125,4.9903414375,32.0
dbscan,32.0,45.73134148387097,4.783065870967742,31.0
dbscan,33.0,45.77247411111111,4.9569155,54.0
dbscan,34.0,45.84221088059702,4.9147212686567165,134.0
dbscan,35.0,45.7648389375,5.0037075625,32.0
dbscan,36.0,45.70944644,4.74558708,25.0
dbscan,37.0,45.81860220588235,4.864236558823529,34.0
dbscan,38.0,45.756982888888885,4.726543277777778,18.0
dbscan,39.0,45.72056596666666,4.9682821,30.0
dbscan,40.0,45.70982530434783,4.962496086956522,23.0
dbscan,41.0,45.71206604761905,4.835302190476191,21.0
dbscan,42.0,45.676731,4.89839747368421,19.0
dbscan,43.0,45.76651464705883,4.994478279411765,68.0
dbscan,44.0,45.73580561111111,4.931916444444444,36.0
dbscan,45.0,45.721379,4.749441,19.0
dbscan,46.0,45.81153792307692,4.914545076923077,13.0
dbscan,47.0,45.809387422018354,4.972082706422018,109.0
dbscan,48.0,45.8237470625,4.956272583333333,48.0
dbscan,49.0,45.807072,4.902461,154.0
dbscan,50.0,45.76679449567367,4.982913032138442,809.0
dbscan,51.0,45.66549978205128,4.88768141025641,78.0
dbscan,52.0,45.789007230769236,4.912695538461539,13.0
dbscan,53.0,45.78529719148936,5.003427872340426,47.0
dbscan,54.0,45.79858607407407,4.777957370370371,27.0
dbscan,55.0,45.812480461538456,4.794506307692308,13.0
dbscan,56.0,45.705263714285714,4.9895780952380955,21.0
dbscan,57.0,45.70527,4.9170950625,16.0
dbscan,58.0,45.822565499999996,4.7975604,10.0
dbscan,1001.0,45.733795846153846,4.884633923076923,13.0
dbscan,1002.0,45.76239687535954,4.9246102023010545,1043.0
dbscan,1003.0,45.73842762500001,4.893663208333334,24.0
dbscan,1004.0,45.701416202247195,4.809028550561798,89.0
dbscan,1005.0,45.75798558333333,4.909445416666666,12.0
dbscan,1006.0,45.784929,4.88717146875,32.0
dbscan,1007.0,45.78459911764706,4.881796450980392,51.0
dbscan,1008.0,45.72409705882353,4.880960470588235,17.0
dbscan,1009.0,45.79753215023474,4.831901892018779,426.0
dbscan,1010.0,45.7349836,4.857674950000001,20.0
dbscan,1011.0,45.73242615348837,4.864890623255814,215.0
dbscan,1012.0,45.70968891037736,4.873493778301887,212.0
dbscan,1013.0,45.77907615384615,4.881114538461539,13.0
dbscan,1014.0,45.73388720353982,4.872496,113.0
dbscan,1015.0,45.767678230769235,4.767034076923077,13.0
dbscan,1016.0,45.78497297727272,4.7939732954545455,44.0
dbscan,1017.0,45.73985522033898,4.915996983050847,59.0
dbscan,1018.0,45.71815046522235,4.894277941847206,877.0
dbscan,1019.0,45.78846968965517,4.8785377241379315,29.0
dbscan,1020.0,45.737637962962964,4.805952296296296,27.0
dbscan,1021.0,45.727343075,4.9199494999999995,40.0
dbscan,1022.0,45.7887515,4.77631775,12.0
dbscan,1023.0,45.71641727149321,4.810368552036199,221.0
dbscan,1024.0,45.76098815909091,4.778464727272728,176.0
dbscan,1025.0,45.794370820000005,4.84914936,50.0
dbscan,1026.0,45.766434302158274,4.906987525179856,139.0
dbscan,1027.0,45.75769988235294,4.899120470588236,17.0
dbscan,1028.0,45.76191766666667,4.901837538461538,39.0
dbscan,1029.0,45.756046193548386,4.798482129032259,62.0
dbscan,1030.0,45.78745377992278,4.796606405405405,259.0
dbscan,1031.0,45.779501399999994,4.761331266666668,15.0
dbscan,1032.0,45.765828533333334,4.793196044444445,45.0
dbscan,1033.0,45.765743215311005,4.763517755980861,418.0
dbscan,1034.0,45.78563153333333,4.894548053333333,75.0
dbscan,1035.0,45.77617849112426,4.768278130177515,169.0
dbscan,1036.0,45.7971174923339,4.8427555911413975,587.0
dbscan,1037.0,45.7384772,4.8873041,20.0
dbscan,1038.0,45.720767277486914,4.875823963350785,191.0
dbscan,1039.0,45.7427868,4.7994745000000005,10.0
dbscan,1040.0,45.736047875000004,4.8457262638888885,72.0
dbscan,1041.0,45.72536895588235,4.872916382352941,68.0
dbscan,1042.0,45.815741413043476,4.847683054347827,92.0
dbscan,1043.0,45.79239452941176,4.794783411764706,17.0
dbscan,1044.0,45.720726272727276,4.919196374331551,187.0
dbscan,1045.0,45.721006933333335,4.898043533333333,15.0
dbscan,1046.0,45.74873392307693,4.811601692307692,26.0
dbscan,1047.0,45.733074,4.78958,13.0
dbscan,1048.0,45.80339928571429,4.859498142857142,14.0
dbscan,1049.0,45.71590192857143,4.897812357142857,14.0
dbscan,1050.0,45.71317656666667,4.901315100000001,30.0
dbscan,1051.0,45.768365315789474,4.782061473684211,19.0
dbscan,1052.0,45.728766589473686,4.853685515789474,95.0
dbscan,1053.0,45.7567754893617,4.913416957446809,47.0
dbscan,1054.0,45.78509118181818,4.7851324545454546,11.0
dbscan,1055.0,45.7815705,4.820709055555556,18.0
dbscan,1056.0,45.7757765,4.775589,10.0
dbscan,1057.0,45.74156693333334,4.907036933333334,15.0
dbscan,1058.0,45.73638957971014,4.797552101449275,69.0
dbscan,1059.0,45.717917467741934,4.833502645161291,62.0
dbscan,1060.0,45.722866599999996,4.9004465,10.0
dbscan,1061.0,45.707078,4.880526,11.0
dbscan,1062.0,45.7207155,4.911991071428572,14.0
dbscan,1063.0,45.78658566666667,4.8388290000000005,9.0
dbscan,1064.0,45.721114794117646,4.879435985294117,68.0
dbscan,1065.0,45.76079116666667,4.797651583333334,12.0
dbscan,1066.0,45.70465930769231,4.8131696153846155,13.0
dbscan,1067.0,45.711798,4.869582,14.0
dbscan,1068.0,45.74215621052631,4.892064684210527,19.0
dbscan,1069.0,45.781549000000005,4.78334625,12.0
dbscan,1070.0,45.76484352941176,4.7806591764705875,17.0
dbscan,1071.0,45.74057405,4.792592633333333,60.0
dbscan,1072.0,45.81136148214286,4.8422021964285715,56.0
dbscan,1073.0,45.77160083333333,4.889702166666667,12.0
dbscan,1074.0,45.71467725,4.8828387,20.0
dbscan,1075.0,45.7771889375,4.7908185625,16.0
dbscan,1076.0,45.778171,4.786798,10.0
dbscan,1077.0,45.78506591666667,4.89957325,12.0
dbscan,1078.0,45.7669042,4.9127786,10.0
dbscan,1079.0,45.79054911111111,4.8463718333333325,18.0
dbscan,1080.0,45.798148,4.8662691538461536,13.0
dbscan,1081.0,45.81675809090909,4.840807272727273,11.0
dbscan,1082.0,45.757433,4.918956,43.0
dbscan,1084.0,45.781748330346474,4.873052657108722,3348.0
dbscan,1085.0,45.73885879411765,4.87606605882353,34.0
dbscan,1086.0,45.74523045479833,4.870517012517385,719.0
dbscan,1087.0,45.74915987700535,4.8028964705882355,187.0
dbscan,1088.0,45.774559996633,4.8060092671156,891.0
dbscan,1089.0,45.73890716,4.82533548,25.0
dbscan,1090.0,45.77926925157233,4.877872940251573,318.0
dbscan,1091.0,45.72809628571429,4.830611807142857,420.0
dbscan,1092.0,45.73699541515151,4.838903293939394,330.0
dbscan,1093.0,45.745997826373625,4.842337276923077,455.0
dbscan,1094.0,45.723356983870964,4.824567661290323,62.0
dbscan,1095.0,45.75384,4.88931161111111,72.0
dbscan,1096.0,45.7679184729927,4.87940822189781,685.0
dbscan,1097.0,45.76416131097561,4.816110036585366,164.0
dbscan,1098.0,45.76301913738739,4.811750421171171,444.0
dbscan,1099.0,45.740144658536586,4.839052268292683,41.0
dbscan,1100.0,45.75245310674157,4.854927561797752,178.0
dbscan,1101.0,45.78030230769231,4.8036789846153845,65.0
dbscan,1102.0,45.77005264220183,4.862991119266056,109.0
dbscan,1103.0,45.749346323308274,4.859968943609022,266.0
dbscan,1104.0,45.77129545161291,4.869836677419355,31.0
dbscan,1105.0,45.74224921568628,4.880363019607843,102.0
dbscan,1106.0,45.76846124137931,4.875846393509128,493.0
dbscan,1107.0,45.773912296296295,4.803738555555555,27.0
dbscan,1108.0,45.77805668656716,4.867456,67.0
dbscan,1109.0,45.77217237984497,4.808387573643411,129.0
dbscan,1110.0,45.72424928525981,4.830751449628844,943.0
dbscan,1111.0,45.77934555675675,4.810003102702703,185.0
dbscan,1112.0,45.772773903225804,4.81642164516129,31.0
dbscan,1113.0,45.76798908988764,4.888008404494382,89.0
dbscan,1114.0,45.75596191326531,4.876689301020408,196.0
dbscan,1115.0,45.77093889705882,4.876271897058824,68.0
dbscan,1116.0,45.774632272727274,4.867908,33.0
dbscan,1117.0,45.733279715817694,4.833892426273459,373.0
dbscan,1118.0,45.747263833333335,4.87438735,60.0
dbscan,1119.0,45.76828883333334,4.805980285714286,42.0
dbscan,1120.0,45.75027683928571,4.864883,56.0
dbscan,1121.0,45.7858503,4.833372633333334,30.0
dbscan,1122.0,45.74969291666667,4.8878736875,48.0
dbscan,1123.0,45.7628877,4.80748525,20.0
dbscan,1124.0,45.781861468749995,4.862539562499999,32.0
dbscan,1125.0,45.77198645098039,4.821527838235294,204.0
dbscan,1126.0,45.77785259210526,4.7983630131578945,76.0
dbscan,1127.0,45.77728984444445,4.802832933333333,45.0
dbscan,1128.0,45.78190951219512,4.806868780487805,41.0
dbscan,1129.0,45.75422423463687,4.866808815642458,179.0
dbscan,1130.0,45.766119825,4.8739985,40.0
dbscan,1131.0,45.75480252380952,4.855970142857143,21.0
dbscan,1132.0,45.787697938271606,4.858382271604938,81.0
dbscan,1133.0,45.74536746666667,4.848316266666667,30.0
dbscan,1134.0,45.74872280555556,4.863235166666667,36.0
dbscan,1135.0,45.76828502348994,4.801920090604027,298.0
dbscan,1136.0,45.73129094945848,4.839795119133575,277.0
dbscan,1137.0,45.7443007016129,4.85470560483871,124.0
dbscan,1138.0,45.775265021276596,4.81636444680851,47.0
dbscan,1139.0,45.792776700000005,4.8201882,40.0
dbscan,1140.0,45.77459592105263,4.862903921052632,38.0
dbscan,1141.0,45.754954,4.812632368421053,38.0
dbscan,1142.0,45.74740164102564,4.865605435897436,39.0
dbscan,1143.0,45.774249830508474,4.812887322033898,59.0
dbscan,1144.0,45.78601942553191,4.8124419148936175,47.0
dbscan,1145.0,45.73991782142857,4.833142357142856,28.0
dbscan,1146.0,45.733537960629924,4.877839015748031,127.0
dbscan,1147.0,45.75639252941176,4.815648147058823,34.0
dbscan,1148.0,45.748511785714285,4.879123464285714,28.0
dbscan,1149.0,45.7257402,4.840742971428572,35.0
dbscan,1150.0,45.75788162068966,4.889549655172414,29.0
dbscan,1151.0,45.786087,4.831011,36.0
dbscan,1152.0,45.76843341666667,4.882667166666667,60.0
dbscan,1153.0,45.75424683999999,4.86160478,50.0
dbscan,1154.0,45.77386364102564,4.792990615384616,39.0
dbscan,1155.0,45.75247258536586,4.878006390243903,41.0
dbscan,1156.0,45.74778793548388,4.854758612903225,31.0
dbscan,1157.0,45.77124503636364,4.872625527272727,55.0
dbscan,1158.0,45.7742355,4.814951,2.0
dbscan,1159.0,45.77745016666667,4.824106333333334,36.0
dbscan,1160.0,45.757435,4.80864,123.0
dbscan,1161.0,45.75805658064516,4.812262451612903,31.0
dbscan,1162.0,45.76254348214286,4.8728634642857145,56.0
dbscan,1163.0,45.75742661702128,4.873655957446808,47.0
dbscan,1164.0,45.7397975,4.840639982142856,56.0
dbscan,1165.0,45.75147514705883,4.873478088235294,34.0
dbscan,1166.0,45.73175501010101,4.830872616161615,99.0
dbscan,1167.0,45.77652976190476,4.795798428571429,21.0
dbscan,1168.0,45.7302491875,4.82775675,16.0
dbscan,1169.0,45.7258609,4.83534485,20.0
dbscan,1170.0,45.79086971428571,4.860277904761905,21.0
dbscan,1171.0,45.755006653179194,4.8216443872832375,173.0
dbscan,1172.0,45.761507899416905,4.85459284329446,4116.0
dbscan,1174.0,45.75889336470588,4.867681647058824,85.0
dbscan,1176.0,45.748439962025316,4.82829082278481,79.0
dbscan,1177.0,45.76803493023256,4.8550093255813955,43.0
dbscan,1178.0,45.76722265982405,4.859187076246335,341.0
dbscan,1179.0,45.75171470544554,4.842944334158416,404.0
dbscan,1180.0,45.76903376,4.817454000000001,25.0
dbscan,1181.0,45.77706996875,4.8594871953125,128.0
dbscan,1183.0,45.76939916541353,4.851062263157894,133.0
dbscan,1184.0,45.7533893814433,4.846556608247423,97.0
dbscan,1185.0,45.78406611959288,4.860630830788804,786.0
dbscan,1186.0,45.776604366666675,4.836444788888889,180.0
dbscan,1187.0,45.77187942857143,4.824754238095238,21.0
dbscan,1188.0,45.775309,4.858813217777778,225.0
dbscan,1189.0,45.77065992105263,4.84072552631579,38.0
dbscan,1190.0,45.76780886375322,4.818764349614396,389.0
dbscan,1191.0,45.772652046875,4.8408676875,64.0
dbscan,1192.0,45.753500085714286,4.840196542857143,35.0
dbscan,1193.0,45.72797313521127,4.815655656338028,355.0
dbscan,1194.0,45.76890121518987,4.84427046835443,79.0
dbscan,1195.0,45.771344139344265,4.845771549180329,122.0
dbscan,1196.0,45.72981985687904,4.82496299168975,1083.0
dbscan,1197.0,45.73237941427218,4.818682900221029,3167.0
dbscan,1198.0,45.766141961538466,4.845614371794872,78.0
dbscan,1199.0,45.75000352682927,4.849999621951219,410.0
dbscan,1200.0,45.77793452020202,4.827778272727273,198.0
dbscan,1201.0,45.77723513186813,4.833338197802198,91.0
dbscan,1202.0,45.7528537699115,4.822075982300885,113.0
dbscan,1203.0,45.754564243243244,4.841112216216216,37.0
dbscan,1204.0,45.73737879646018,4.8186649380530975,113.0
dbscan,1205.0,45.74706068333333,4.835801783333333,60.0
dbscan,1206.0,45.763776812500005,4.85961246875,32.0
dbscan,1207.0,45.74501046428571,4.836121035714286,28.0
dbscan,1208.0,45.76960584444444,4.814545688888889,45.0
dbscan,1209.0,45.77004394285714,4.812819857142856,70.0
dbscan,1210.0,45.76015459259259,4.845239074074073,27.0
dbscan,1211.0,45.75597755357143,4.853021232142857,56.0
dbscan,1212.0,45.78058039423077,4.8320201442307695,104.0
dbscan,1213.0,45.75745585714286,4.854117904761905,105.0
dbscan,1214.0,45.76720267647059,4.856917220588236,68.0
dbscan,1215.0,45.7507842027972,4.820039762237762,143.0
dbscan,1216.0,45.768048785714285,4.8228473,70.0
dbscan,1217.0,45.74590849999999,4.8311723125,48.0
dbscan,1218.0,45.7661034,4.856268633333333,30.0
dbscan,1219.0,45.778275457142854,4.831804857142857,35.0
dbscan,1220.0,45.77422987272727,4.841527981818182,55.0
dbscan,1221.0,45.77870345,4.84248615,20.0
dbscan,1222.0,45.7694438,4.849007885714286,35.0
dbscan,1223.0,45.72997616883117,4.815295545454545,77.0
dbscan,1224.0,45.75560093939394,4.827685545454545,33.0
dbscan,1225.0,45.76526665517242,4.850159189655172,58.0
dbscan,1226.0,45.7287338,4.82165305,20.0
dbscan,1227.0,45.75605778378378,4.817882027027028,37.0
dbscan,1228.0,45.76466955555556,4.830288777777778,9.0
dbscan,1229.0,45.765037444444445,4.861678296296296,27.0
dbscan,1230.0,45.768871228571435,4.821394485714285,70.0
dbscan,1231.0,45.75942728571429,4.8651415510204075,49.0
dbscan,1232.0,45.74702285483871,4.827014201612903,124.0
dbscan,1233.0,45.749361078125,4.847220625,64.0
dbscan,1234.0,45.745908941176474,4.816344823529412,34.0
dbscan,1235.0,45.7708366,4.81437608,25.0
dbscan,1236.0,45.75732026470588,4.858676882352941,34.0
dbscan,1237.0,45.76895806666667,4.823132416666667,60.0
dbscan,1238.0,45.75482121875,4.858805,64.0
dbscan,1239.0,45.75086776086957,4.839659326086957,46.0
dbscan,1240.0,45.7650104516129,4.851485129032258,31.0
dbscan,1241.0,45.77827295238095,4.843722142857143,21.0
dbscan,1242.0,45.75782546969697,4.866029696969697,132.0
dbscan,1243.0,45.77868355882353,4.8401072058823535,34.0
dbscan,1244.0,45.756034500000005,4.847493266666667,30.0
dbscan,1245.0,45.755354319148935,4.823663531914893,94.0
dbscan,1246.0,45.77570642553191,4.84473185106383,47.0
dbscan,1247.0,45.768307348837205,4.849291720930233,43.0
dbscan,1248.0,45.76676263636364,4.854767121212121,33.0
dbscan,1249.0,45.750609705882354,4.830385911764706,34.0
dbscan,1250.0,45.745044,4.8232407017543855,57.0
dbscan,1251.0,45.763572333333336,4.843003912280702,57.0
dbscan,1252.0,45.780020625,4.828040166666667,24.0
dbscan,1253.0,45.75883951851852,4.816382111111111,27.0
dbscan,1254.0,45.77963608695652,4.835082173913044,23.0
dbscan,1255.0,45.744763400000004,4.8188964571428565,35.0
dbscan,1256.0,45.770509181818184,4.845740681818182,22.0
dbscan,1257.0,45.74752327777778,4.818051425925926,54.0
dbscan,1258.0,45.75060785,4.84822845,40.0
dbscan,1259.0,45.775512625,4.838156166666667,24.0
dbscan,1260.0,45.76911840625,4.85246590625,32.0
dbscan,1261.0,45.75562708333333,4.829230333333333,24.0
dbscan,1262.0,45.77702488888889,4.8349422777777775,18.0
dbscan,1263.0,45.777876344262296,4.8374826557377055,61.0
dbscan,1264.0,45.77139957692308,4.811643115384616,26.0
dbscan,1265.0,45.76264233333333,4.854772,3.0
dbscan,1266.0,45.77062927160494,4.811326160493827,81.0
dbscan,1267.0,45.75052741176471,4.832367911764706,34.0
dbscan,1268.0,45.77857693243243,4.837996445945946,74.0
dbscan,1269.0,45.76560500000001,4.849185,1686.0
dbscan,1270.0,45.73728695454545,4.8132114090909095,22.0
dbscan,1271.0,45.75687480952381,4.843427428571429,42.0
dbscan,1272.0,45.764648,4.860355,21.0
dbscan,1273.0,45.74836604761905,4.837574952380952,21.0
dbscan,1274.0,45.746067591836734,4.834939959183673,49.0
dbscan,1275.0,45.76323728571429,4.855071142857143,7.0
dbscan,1276.0,45.75711348,4.85152924,25.0
dbscan,1277.0,45.73960076190476,4.813026095238095,21.0
dbscan,1278.0,45.737907,4.813406142857143,7.0
dbscan,1279.0,45.74384885,4.83095365,20.0
dbscan,1280.0,45.774617722143866,4.835042449929478,709.0
dbscan,1283.0,45.75737874046185,4.839842183232932,1992.0
dbscan,1285.0,45.75148275757576,4.82320596969697,33.0
dbscan,1286.0,45.75472595454546,4.838212227272727,22.0
dbscan,1287.0,45.7586035287009,4.821229114803626,331.0
dbscan,1288.0,45.749756905263155,4.826709063157895,95.0
dbscan,1289.0,45.75982262907268,4.819882380952381,1596.0
dbscan,1290.0,45.75321581884058,4.829161905797101,138.0
dbscan,1291.0,45.75268520397112,4.836837866425992,554.0
dbscan,1292.0,45.75369434837093,4.827225711779448,399.0
dbscan,1293.0,45.77443787837838,4.831857978378379,370.0
dbscan,1294.0,45.76864272173913,4.8394503130434785,115.0
dbscan,1295.0,45.751040828571426,4.835404062857142,175.0
dbscan,1296.0,45.75109886533666,4.8279091620947625,401.0
dbscan,1297.0,45.77243103703704,4.829261962962963,27.0
dbscan,1298.0,45.76849239393939,4.841101500000001,330.0
dbscan,1299.0,45.763202138888886,4.819265138888889,36.0
dbscan,1300.0,45.76379033457944,4.8403700112149535,535.0
dbscan,1301.0,45.76563756547619,4.83825955952381,168.0
dbscan,1302.0,45.75564598148148,4.830751907407408,54.0
dbscan,1303.0,45.771235738095235,4.828200261904762,42.0
dbscan,1304.0,45.763107214484684,4.834276512534819,359.0
dbscan,1305.0,45.76565353807107,4.840471505076142,394.0
dbscan,1306.0,45.76081380434783,4.842894913043478,46.0
dbscan,1307.0,45.76022582608696,4.838138608695652,46.0
dbscan,1308.0,45.76521904761905,4.823433904761905,42.0
dbscan,1309.0,45.77426155,4.8300225,20.0
dbscan,1310.0,45.772071839999995,4.82668788,50.0
dbscan,1311.0,45.76940236363636,4.825117845454545,110.0
dbscan,1312.0,45.75204419230769,4.827470123076924,130.0
dbscan,1313.0,45.748208657894736,4.833303605263158,38.0
dbscan,1314.0,45.76598374358974,4.83533141025641,39.0
dbscan,1315.0,45.772889222222226,4.828421666666667,27.0
dbscan,1316.0,45.75006541176471,4.825771382352942,34.0
dbscan,1317.0,45.76193332352941,4.840559568627451,102.0
dbscan,1318.0,45.748519377777775,4.825693261111111,180.0
dbscan,1319.0,45.75521513725491,4.842748196078431,51.0
dbscan,1320.0,45.773500000000006,4.8303015217391305,23.0
dbscan,1321.0,45.77353654545454,4.830805181818182,22.0
dbscan,1322.0,45.751397575,4.822536749999999,40.0
dbscan,1323.0,45.761027222222225,4.840388222222223,27.0
dbscan,1324.0,45.75426266666667,4.825802181818182,33.0
dbscan,1325.0,45.772945590909096,4.833951409090909,44.0
dbscan,1326.0,45.7531892739726,4.833985753424658,73.0
dbscan,1327.0,45.753264525,4.831210749999999,40.0
dbscan,1328.0,45.75589895238096,4.8435265238095235,21.0
dbscan,1329.0,45.75477907407407,4.844506814814815,27.0
dbscan,1330.0,45.760508868421056,4.8423035,38.0
dbscan,1331.0,45.748140578947364,4.826045947368421,19.0
dbscan,1332.0,45.770291400000005,4.83237752,25.0
dbscan,1333.0,45.77421917142857,4.828801761904762,105.0
dbscan,1334.0,45.748306481481485,4.832144037037038,27.0
dbscan,1335.0,45.7658232,4.82440985,20.0
dbscan,1336.0,45.749378202898555,4.825087884057971,69.0
dbscan,1337.0,45.748970391304354,4.824223173913043,23.0
dbscan,1338.0,45.75073511538461,4.837202846153846,26.0
dbscan,1339.0,45.773784390243904,4.837122292682927,82.0
dbscan,1340.0,45.76105511764706,4.832386594771242,153.0
dbscan,1341.0,45.7477232972973,4.825065702702703,37.0
dbscan,1342.0,45.77446397142857,4.827549242857143,70.0
dbscan,1343.0,45.753093222222226,4.831780388888889,18.0
dbscan,1344.0,45.75350838297872,4.8320444680851065,94.0
dbscan,1345.0,45.766016692307694,4.825766230769231,13.0
dbscan,1346.0,45.77607956666667,4.8330854,30.0
dbscan,1347.0,45.759024205128206,4.841813153846154,39.0
dbscan,1348.0,45.75513403225806,4.838655741935485,31.0
dbscan,1349.0,45.753447549019604,4.833031,51.0
dbscan,1350.0,45.754435186915885,4.834218943925234,107.0
dbscan,1351.0,45.75793688461538,4.837216846153846,26.0
dbscan,1352.0,45.77059385416666,4.826938291666667,48.0
dbscan,1353.0,45.7597050826087,4.842205143478261,230.0
dbscan,1354.0,45.75770456521739,4.823166826086957,23.0
dbscan,1355.0,45.75215075,4.837612145833334,48.0
dbscan,1356.0,45.7495504742268,4.8343271443298965,97.0
dbscan,1357.0,45.76211103333333,4.834582666666666,30.0
dbscan,1358.0,45.770306672,4.825769224,125.0
dbscan,1359.0,45.754064,4.843801,23.0
dbscan,1360.0,45.75903214814815,4.833307259259259,27.0
dbscan,1361.0,45.76972412857143,4.826483385714286,70.0
dbscan,1362.0,45.75466083333333,4.845019375,24.0
dbscan,1363.0,45.7468404673913,4.823995739130435,92.0
dbscan,1364.0,45.7544495483871,4.827573612903226,31.0
dbscan,1365.0,45.77170769565218,4.827653913043478,23.0
dbscan,1366.0,45.773016857142856,4.827197333333333,42.0
dbscan,1367.0,45.751088333333335,4.836438733333334,15.0
dbscan,1368.0,45.76951823076923,4.8374010769230775,13.0
dbscan,1369.0,45.7520412173913,4.830586449275363,69.0
dbscan,1370.0,45.76615896875,4.82471696875,32.0
dbscan,1371.0,45.7693175,4.83766,8.0
dbscan,1372.0,45.77361740909091,4.828385272727273,22.0
dbscan,1373.0,45.75782066666667,4.829586625,24.0
dbscan,1374.0,45.754909,4.836279,23.0
dbscan,1375.0,45.7513182173913,4.837959695652174,23.0
dbscan,1376.0,45.75150474545455,4.827072927272727,110.0
dbscan,1377.0,45.7530825625,4.8269158125,16.0
dbscan,1378.0,45.757763198019795,4.841994039603961,202.0
dbscan,1379.0,45.75769038888889,4.821729611111111,18.0
dbscan,1380.0,45.77300027272727,4.8353447272727275,22.0
dbscan,1381.0,45.76286566666666,4.841638285714287,21.0
dbscan,1382.0,45.76472515,4.826522,20.0
dbscan,1383.0,45.77515985,4.8301349,20.0
dbscan,1384.0,45.75952680952381,4.8184801904761905,21.0
dbscan,1385.0,45.769128888888886,4.828372037037036,27.0
dbscan,1388.0,45.75720796947935,4.826230865350089,557.0
dbscan,1389.0,45.75927854225352,4.8269789014084505,142.0
dbscan,1390.0,45.760644832026536,4.829664691797346,3316.0
dbscan,1391.0,45.75984521327014,4.831751142180095,633.0
dbscan,1392.0,45.771921424,4.83170945890909,1375.0
dbscan,1393.0,45.771947561181435,4.8330590168776375,237.0
dbscan,1394.0,45.77042411418685,4.837244505190312,289.0
dbscan,1395.0,45.76546808450704,4.831165084507043,71.0
dbscan,1396.0,45.76476848256881,4.833365374311926,545.0
dbscan,1397.0,45.76614995833333,4.832849145833333,48.0
dbscan,1398.0,45.76596514878049,4.827371902439024,410.0
dbscan,1399.0,45.76646488510639,4.829091259574469,235.0
dbscan,1400.0,45.760223704761906,4.827961923809523,105.0
dbscan,1401.0,45.764899395161294,4.831430217741936,124.0
dbscan,1402.0,45.77003085185185,4.8303265,54.0
dbscan,1403.0,45.768852096,4.832466168,125.0
dbscan,1404.0,45.76888684782608,4.831180847826087,46.0
dbscan,1405.0,45.76916983802817,4.830421866197184,426.0
dbscan,1406.0,45.766621541666666,4.832511708333333,24.0
dbscan,1407.0,45.76003670689655,4.827280534482759,58.0
dbscan,1408.0,45.77223438125,4.8345457750000005,160.0
dbscan,1409.0,45.76327308235294,4.830572788235294,85.0
dbscan,1410.0,45.76922680952381,4.8358878333333335,42.0
dbscan,1411.0,45.77040256666667,4.836265783333333,60.0
dbscan,1412.0,45.77054954545454,4.8305359545454545,44.0
dbscan,1413.0,45.770196376963355,4.833139356020943,382.0
dbscan,1414.0,45.75889644897959,4.826873285714286,49.0
dbscan,1415.0,45.768935142857146,4.836060885714286,35.0
dbscan,1416.0,45.76958608,4.82938476,75.0
dbscan,1417.0,45.75960158823529,4.8255107843137255,204.0
dbscan,1418.0,45.769443333333335,4.834073166666667,60.0
dbscan,1419.0,45.77046677142857,4.833902717857143,280.0
dbscan,1420.0,45.766634414965985,4.826893959183673,147.0
dbscan,1421.0,45.76032466666666,4.82561775,36.0
dbscan,1422.0,45.75899342857143,4.825409514285714,35.0
dbscan,1423.0,45.770993999999995,4.83323445945946,37.0
dbscan,1424.0,45.77126894949495,4.835774818181818,99.0
dbscan,1425.0,45.769256765853655,4.833242585365854,205.0
dbscan,1426.0,45.770992625000005,4.8342597,40.0
dbscan,1427.0,45.76795448985507,4.827952649275362,690.0
dbscan,1428.0,45.76468573333334,4.82881212,75.0
dbscan,1429.0,45.76888591780822,4.8294266027397255,73.0
dbscan,1430.0,45.769640961538464,4.832616019230769,52.0
dbscan,1431.0,45.765655305555555,4.834313611111111,36.0
dbscan,1432.0,45.76318043119266,4.831491091743119,109.0
dbscan,1433.0,45.766841212500005,4.8299527875,80.0
dbscan,1434.0,45.760340219999996,4.8259821800000005,50.0
dbscan,1435.0,45.77018168965517,4.835213482758621,29.0
dbscan,1436.0,45.76589942168675,4.83104178313253,83.0
dbscan,1437.0,45.76828513740458,4.829836732824428,131.0
dbscan,1438.0,45.75885907142857,4.825993346938775,98.0
dbscan,1439.0,45.764829533333334,4.831732333333334,30.0
dbscan,1440.0,45.760210782608695,4.827537260869565,23.0
dbscan,1441.0,45.7604602826087,4.828208804347827,46.0
dbscan,1442.0,45.7727301641791,4.836185298507463,67.0
dbscan,1443.0,45.771938375000005,4.83544515,40.0
dbscan,1444.0,45.757358295454544,4.827484863636363,44.0
dbscan,1445.0,45.769181950000004,4.8314023,20.0
dbscan,1446.0,45.77092775384615,4.8328105230769225,65.0
dbscan,1447.0,45.76982652592592,4.833844,135.0
dbscan,1448.0,45.771037916666664,4.8305239166666665,24.0
dbscan,1449.0,45.76191965384616,4.8280161153846155,26.0
dbscan,1450.0,45.76581593548387,4.826855935483871,31.0
dbscan,1451.0,45.76472425,4.83435959375,32.0
dbscan,1452.0,45.77015279166667,4.835494802083333,96.0
dbscan,1453.0,45.7715133125,4.8300031875,48.0
dbscan,1454.0,45.77138840909091,4.830353227272727,44.0
dbscan,1455.0,45.76600199999999,4.831896416666667,24.0
dbscan,1456.0,45.77201678947368,4.835772394736843,38.0
dbscan,1457.0,45.768612027027025,4.827934216216216,37.0
dbscan,1458.0,45.765904324324325,4.830707972972974,37.0
dbscan,1459.0,45.76438426086957,4.834709304347826,46.0
dbscan,1460.0,45.76771889393939,4.829235303030303,66.0
dbscan,1461.0,45.762331511627906,4.83172711627907,43.0
dbscan,1462.0,45.7712825,4.8308536562499995,64.0
dbscan,1463.0,45.762022238095234,4.831149571428571,63.0
dbscan,1464.0,45.76683866292135,4.836708483146068,89.0
dbscan,1465.0,45.7717606,4.8345522,20.0
dbscan,1466.0,45.769648942857145,4.835884971428571,35.0
dbscan,1467.0,45.76957357446808,4.834717340425532,47.0
dbscan,1468.0,45.76909414285714,4.832179428571429,21.0
dbscan,1469.0,45.759245709677415,4.826094516129033,31.0
dbscan,1470.0,45.75869582142857,4.823434714285715,28.0
dbscan,1471.0,45.76793625,4.8307166666666665,36.0
dbscan,1472.0,45.76499040740741,4.8280227407407414,27.0
dbscan,1473.0,45.75771251162791,4.82602723255814,43.0
dbscan,1474.0,45.76558808,4.831996,25.0
dbscan,1475.0,45.75788365116279,4.827843023255814,43.0
dbscan,1476.0,45.764289000000005,4.83149785,20.0
dbscan,1477.0,45.7636228,4.8331974,20.0
dbscan,1478.0,45.75721157692308,4.824751461538461,26.0
dbscan,1479.0,45.757993290322574,4.824878451612903,62.0
dbscan,1480.0,45.77116838983051,4.837430050847457,59.0
dbscan,1481.0,45.77083780769231,4.830791865384615,52.0
dbscan,1482.0,45.76962316,4.8320598,25.0
dbscan,1483.0,45.76697612903226,4.82925570967742,31.0
dbscan,1484.0,45.765048923076925,4.833917538461538,26.0
dbscan,1485.0,45.76996758974359,4.834565794871795,39.0
dbscan,1486.0,45.76977274509804,4.831741686274509,51.0
dbscan,1487.0,45.77144888461539,4.837449115384615,26.0
dbscan,1488.0,45.76614281981982,4.8282650360360355,111.0
dbscan,1489.0,45.76377604761905,4.826278142857143,21.0
dbscan,1490.0,45.770435,4.83287375,32.0
dbscan,1491.0,45.764994,4.8319437894736845,57.0
dbscan,1492.0,45.77022495,4.8310077,20.0
dbscan,1493.0,45.760918062500004,4.8282766875,32.0
dbscan,1494.0,45.769184142857135,4.831557857142856,7.0
dbscan,1495.0,45.76264338461538,4.828045230769231,13.0
dbscan,1496.0,45.758667333333335,4.8266315833333335,24.0
dbscan,1497.0,45.7704623877551,4.837508163265306,98.0
dbscan,1498.0,45.76630725,4.8305521,20.0
dbscan,1499.0,45.76465217391304,4.831933391304347,23.0
dbscan,1500.0,45.770367199999995,4.8368446,20.0
dbscan,1501.0,45.76248706451613,4.8287666451612905,31.0
dbscan,1502.0,45.76860825827814,4.835683221854304,302.0
dbscan,1503.0,45.770306,4.837477,31.0
dbscan,1504.0,45.77043415189873,4.836635924050633,79.0
dbscan,1505.0,45.767322,4.836575,31.0
dbscan,1506.0,45.77142871428571,4.82936919047619,21.0
dbscan,1507.0,45.7627742051282,4.831274153846154,39.0
dbscan,1508.0,45.769177523809525,4.83082919047619,21.0
dbscan,1509.0,45.76731066666667,4.829280916666667,24.0
dbscan,1510.0,45.7692310952381,4.829561666666667,21.0
dbscan,1511.0,45.75963142857143,4.8326309047619045,21.0
dbscan,1512.0,45.765312413793104,4.831584,29.0
dbscan,1513.0,45.75810243478261,4.82819947826087,23.0
dbscan,1514.0,45.76222661904762,4.828497047619048,21.0
dbscan,1515.0,45.77008563636363,4.828965090909091,22.0
dbscan,1516.0,45.76861013333333,4.8378318,15.0
dbscan,1517.0,45.7661534,4.826734849999999,20.0
dbscan,1518.0,45.762446159999996,4.82822236,25.0
dbscan,1519.0,45.76501888888889,4.827653259259258,54.0
dbscan,1520.0,45.76093663636364,4.828704272727273,22.0
dbscan,1521.0,45.77306818181818,4.836406227272727,22.0
dbscan,1522.0,45.7700119,4.834756799999999,20.0
dbscan,1523.0,45.760244761904765,4.830831285714286,21.0
dbscan,1524.0,45.765578999999995,4.828035,23.0
dbscan,1525.0,45.75877982758621,4.824455620689655,29.0
dbscan,1526.0,45.770875,4.832096,65.0
dbscan,1527.0,45.758685758620686,4.828850344827587,29.0
dbscan,1528.0,45.763242090909095,4.825884,22.0
dbscan,1529.0,45.7683192,4.830849649999999,20.0
dbscan,1530.0,45.7713163,4.834198649999999,20.0
dbscan,1531.0,45.76467261111111,4.833972611111111,18.0
dbscan,1532.0,45.76560286363636,4.832887181818181,22.0
dbscan,1533.0,45.770217,4.829907,21.0
dbscan,1534.0,45.766363730769235,4.827809038461539,26.0
dbscan,1535.0,45.77141128571429,4.832168095238095,21.0
dbscan,1536.0,45.7720676,4.83518804,25.0
dbscan,1538.0,45.837493,4.827284,184.0
dbscan,1539.0,45.849317,4.854943,35.0
dbscan,1540.0,45.84469,4.837546,20.0
dbscan,1541.0,45.844556,4.839906,159.0
dbscan,1542.0,45.834753,4.83349,46.0
dbscan,1543.0,45.844391,4.836688,129.0
dbscan,1544.0,45.84786909671533,4.851973543795621,548.0
dbscan,1545.0,45.822653,4.829099,23.0
dbscan,1546.0,45.840759,4.835918,38.0
dbscan,1547.0,45.840835,4.83528,157.0
dbscan,1548.0,45.83741,4.827525,717.0
dbscan,1549.0,45.837739,4.825605,31.0
dbscan,1550.0,45.837222,4.827222,582.0
dbscan,1551.0,45.83749990384615,4.826944073076923,260.0
dbscan,1552.0,45.837223446428574,4.826714910714286,56.0
dbscan,1553.0,45.83722336842105,4.8263880105263155,95.0
dbscan,1554.0,45.83727695454545,4.826107681818183,22.0
dbscan,1555.0,45.83720255,4.82593985,20.0
dbscan,1556.0,45.757600227272725,4.832040409090909,44.0
dbscan,1557.0,45.76443853333333,4.836465566666666,30.0
dbscan,1558.0,45.76055668161435,4.833541051569507,446.0
dbscan,1559.0,45.7584728,4.836793900000001,20.0
dbscan,1560.0,45.76064110344828,4.835608827586206,29.0
dbscan,1561.0,45.758023050000006,4.832057900000001,20.0
dbscan,1562.0,45.757569195121945,4.832740073170732,41.0
dbscan,1563.0,45.75680398387097,4.831751963709677,248.0
dbscan,1564.0,45.76535435714286,4.835776,28.0
dbscan,1565.0,45.75886265217391,4.83689147826087,23.0
dbscan,1566.0,45.757863688,4.832160445333333,375.0
dbscan,1567.0,45.75798855,4.831796183333333,60.0
dbscan,1568.0,45.757471354838714,4.8333204193548385,31.0
dbscan,1569.0,45.757615003517,4.83196396014068,853.0
dbscan,1570.0,45.76097424242424,4.835533212121212,33.0
dbscan,1571.0,45.758811613333336,4.83082306,150.0
dbscan,1572.0,45.75778884821428,4.8319519375,112.0
dbscan,1573.0,45.75794198130841,4.832202813084113,107.0
dbscan,1574.0,45.75792845833334,4.833926,24.0
dbscan,1575.0,45.757673,4.833394,26.0
dbscan,1576.0,45.76086399999999,4.836964,92.0
dbscan,1577.0,45.76043666666666,4.833763958333333,24.0
dbscan,1578.0,45.757006,4.832439,33.0
dbscan,1579.0,45.760527843478265,4.835639913043478,115.0
dbscan,1580.0,45.760583184210525,4.83553025,76.0
dbscan,1581.0,45.76059482857143,4.833688685714286,35.0
dbscan,1582.0,45.757876857142854,4.833214714285715,28.0
dbscan,1583.0,45.7576581060606,4.832055363636364,66.0
dbscan,1584.0,45.75952645454545,4.836189,22.0
dbscan,1585.0,45.75788364150943,4.8320097169811325,106.0
dbscan,1586.0,45.764263772727276,4.836367090909091,22.0
dbscan,1587.0,45.757802184615386,4.831710846153847,65.0
dbscan,1588.0,45.764,4.835666522727272,132.0
dbscan,1589.0,45.75768699999999,4.83348,23.0
dbscan,1590.0,45.75774205555555,4.832420074074075,54.0
dbscan,1591.0,45.75766628,4.8326666,25.0
dbscan,1592.0,45.75764682142857,4.831851321428572,28.0
dbscan,1593.0,45.758179815384615,4.831968130769231,130.0
dbscan,1594.0,45.76404117424242,4.835658318181817,132.0
dbscan,1595.0,45.758077,4.833952,33.0
dbscan,1596.0,45.763472760683754,4.835860948717949,117.0
dbscan,1597.0,45.76447357692307,4.836365884615384,26.0
dbscan,1598.0,45.763494,4.836462,21.0
dbscan,1599.0,45.76072263333333,4.835541566666667,30.0
dbscan,1600.0,45.757807,4.831337,53.0
dbscan,1601.0,45.758915,4.83083,39.0
dbscan,1602.0,45.75732699999999,4.834632,23.0
dbscan,1603.0,45.76401321568627,4.836307803921568,51.0
dbscan,1604.0,45.760559625,4.83333384375,32.0
dbscan,1605.0,45.75802818181818,4.8313477727272724,22.0
dbscan,1606.0,45.75772258333333,4.831933375,72.0
dbscan,1607.0,45.765536,4.835997,34.0
dbscan,1608.0,45.760444899999996,4.83568605,20.0
dbscan,1609.0,45.7576796,4.8322643,20.0
dbscan,1610.0,45.75774152631578,4.832305105263157,38.0
dbscan,1611.0,45.76042936363637,4.833577681818182,22.0
dbscan,1612.0,45.75774026086957,4.831994608695652,23.0
dbscan,1613.0,45.75661709090909,4.833607636363636,22.0
dbscan,1614.0,45.76033427272728,4.83552909090909,22.0
dbscan,1615.0,45.761260428571426,4.835743,21.0
dbscan,1616.0,45.7604315862069,4.833665103448276,29.0
dbscan,1617.0,45.756187000000004,4.834657999999999,22.0
dbscan,1618.0,45.757502,4.835288,107.0
dbscan,1619.0,45.75860800000001,4.834349,93.0
dbscan,1620.0,45.7605066,4.8354703,20.0
dbscan,1621.0,45.75790106666667,4.836191833333333,30.0
dbscan,1622.0,45.76384,4.837138,30.0
dbscan,1623.0,45.75808299999999,4.831355,26.0
dbscan,1624.0,45.837545,4.82613,2681.0
dbscan,1626.0,45.837645936,4.826173047999999,125.0
dbscan,1627.0,45.837471724770644,4.826614100917432,109.0
dbscan,1628.0,45.83740999999999,4.826248,52.0
dbscan,1629.0,45.837432625,4.826504750000001,24.0
dbscan,1630.0,45.837544882352944,4.826592058823529,102.0
dbscan,1631.0,45.837463,4.826053,53.0
dbscan,1632.0,45.837410006355256,4.826163015570385,3147.0
dbscan,1633.0,45.837478,4.826238,29.0
dbscan,1634.0,45.8375858747698,4.826513152854512,543.0
dbscan,1635.0,45.837611,4.826577,28.0
dbscan,1636.0,45.83744,4.826388,584.0
dbscan,1637.0,45.776914,4.854937,28.0
dbscan,1638.0,45.78415,4.852502,33.0
dbscan,1639.0,45.774224,4.851118,30.0
dbscan,1640.0,45.784367,4.851515,38.0
dbscan,1641.0,45.777865,4.846494,28.0
dbscan,1642.0,45.785073999999994,4.853661,757.0
dbscan,1643.0,45.779269,4.848798,21.0
dbscan,1644.0,45.784344,4.852405,24.0
dbscan,1645.0,45.785182,4.854862,24.0
dbscan,1646.0,45.784868048951054,4.854657979020979,143.0
dbscan,1647.0,45.77919617272727,4.853596172727273,110.0
dbscan,1648.0,45.785149,4.852384,94.0
dbscan,1649.0,45.779762,4.852285,24.0
dbscan,1650.0,45.785167666666666,4.855184888888889,27.0
dbscan,1651.0,45.776899,4.844648,20.0
dbscan,1652.0,45.785747,4.854311,59.0
dbscan,1653.0,45.785291,4.854937,31.0
dbscan,1654.0,45.77594,4.855195,40.0
dbscan,1655.0,45.780805,4.850302,25.0
dbscan,1656.0,45.77541609523809,4.856391238095238,21.0
dbscan,1657.0,45.77745999999999,4.845485,27.0
dbscan,1658.0,45.783252,4.849809,139.0
dbscan,1659.0,45.780555285714286,4.854166285714286,35.0
dbscan,1660.0,45.7819,4.850741,34.0
dbscan,1661.0,45.77779,4.855938,88.0
dbscan,1662.0,45.785221,4.857586,71.0
dbscan,1663.0,45.782369,4.851815,20.0
dbscan,1664.0,45.786903,4.854369,31.0
dbscan,1665.0,45.77704915384615,4.85408994871795,39.0
dbscan,1666.0,45.779092,4.853264,21.0
dbscan,1667.0,45.781209,4.85704,21.0
dbscan,1668.0,45.777728,4.846145,23.0
dbscan,1669.0,45.774355,4.856106761904762,21.0
dbscan,1670.0,45.784234,4.852416,37.0
dbscan,1671.0,45.776974,4.85245,27.0
dbscan,1672.0,45.78416588888889,4.852500092592593,54.0
dbscan,1673.0,45.78388799999999,4.8525,23.0
dbscan,1674.0,45.778643,4.853103,53.0
dbscan,1675.0,45.785401,4.857886,46.0
dbscan,1676.0,45.777071,4.854712,56.0
dbscan,1677.0,45.784225,4.852448,56.0
dbscan,1678.0,45.773644,4.856085,82.0
dbscan,1679.0,45.778375,4.852569,27.0
dbscan,1680.0,45.777176,4.851418,56.0
dbscan,1681.0,45.77775200000001,4.856761,91.0
dbscan,1682.0,45.773135,4.854712,25.0
dbscan,1683.0,45.780099,4.848618,50.0
dbscan,1684.0,45.77767,4.857051,20.0
dbscan,1685.0,45.775548,4.85718,21.0
dbscan,1686.0,45.760588,4.826259,247.0
dbscan,1687.0,45.760996,4.826656,80.0
dbscan,1688.0,45.760797,4.826684,25.0
dbscan,1689.0,45.762888,4.827117,69.0
dbscan,1690.0,45.760171,4.82657,26.0
dbscan,1691.0,45.761249,4.827089,29.0
dbscan,1692.0,45.76083287878788,4.826999939393939,66.0
dbscan,1693.0,45.760891,4.826822,34.0
dbscan,1694.0,45.76166678571429,4.827166785714286,42.0
dbscan,1695.0,45.760927,4.826936,38.0
dbscan,1696.0,45.761833,4.8275,21.0
dbscan,1697.0,45.760741,4.827588999999999,28.0
dbscan,1698.0,45.762792,4.825487,22.0
dbscan,1699.0,45.761,4.826499238095239,21.0
dbscan,1700.0,45.760891,4.827139,30.0
dbscan,1701.0,45.76096613043479,4.826592,23.0
dbscan,1702.0,45.761833,4.826833,32.0
dbscan,1703.0,45.76097299999999,4.826495,49.0
dbscan,1704.0,45.760659,4.827708,55.0
dbscan,1705.0,45.762,4.8275,22.0
dbscan,1706.0,45.760884,4.827096,53.0
dbscan,1707.0,45.760955,4.826742019417476,103.0
dbscan,1708.0,45.761,4.8275,21.0
dbscan,1709.0,45.760958,4.826802,25.0
dbscan,1710.0,45.761924,4.827268,57.0
dbscan,1711.0,45.762083,4.827283,20.0
dbscan,1712.0,45.763055139534885,4.828055139534883,43.0
dbscan,1713.0,45.761538,4.827263,23.0
dbscan,1714.0,45.762276,4.826195,51.0
dbscan,1715.0,45.762179,4.827278,37.0
dbscan,1716.0,45.764087,4.827536,53.0
dbscan,1717.0,45.76209099999999,4.827327,45.0
dbscan,1718.0,45.761033,4.826581,25.0
dbscan,1719.0,45.760963,4.826202,27.0
dbscan,1720.0,45.761005,4.826202,21.0
dbscan,1721.0,45.761939,4.826946,70.0
dbscan,1722.0,45.761018,4.82657,75.0
dbscan,1723.0,45.76400399999999,4.827631,23.0
dbscan,1724.0,45.760555,4.826944,20.0
dbscan,1725.0,45.762867,4.828308,32.0
dbscan,1726.0,45.760966,4.82688,22.0
dbscan,1727.0,45.760854,4.827053,104.0
dbscan,1728.0,45.761018,4.826055,45.0
dbscan,1729.0,45.762074,4.827096,114.0
dbscan,1730.0,45.760786,4.8273,22.0
dbscan,1731.0,45.760178,4.826509,20.0
dbscan,1732.0,45.765141,4.827184,27.0
dbscan,1733.0,45.761111,4.826666,20.0
dbscan,1734.0,45.765162,4.827311,38.0
dbscan,1735.0,45.762096,4.826828,61.0
dbscan,1736.0,45.76402,4.827332,28.0
dbscan,1737.0,45.76203,4.827038,33.0
dbscan,1738.0,45.760921,4.827085,30.0
dbscan,1739.0,45.760599,4.827611,28.0
dbscan,1740.0,45.766901000000004,4.833565,29.0
dbscan,1741.0,45.768241,4.836387,31.0
dbscan,1742.0,45.767519,4.83327,30.0
dbscan,1743.0,45.767204,4.833524,36.0
dbscan,1744.0,45.76757899999999,4.833555,48.0
dbscan,1745.0,45.767747,4.835035,22.0
dbscan,1746.0,45.767276,4.832787,24.0
dbscan,1747.0,45.76729994366197,4.834328915492958,71.0
dbscan,1748.0,45.767522,4.833555,32.0
dbscan,1749.0,45.766856,4.833576,35.0
dbscan,1750.0,45.767414,4.833469,69.0
dbscan,1751.0,45.767811,4.836586,31.0
dbscan,1752.0,45.766855,4.833662000000001,55.0
dbscan,1753.0,45.767726,4.836533,44.0
dbscan,1754.0,45.76711815625001,4.833544,32.0
dbscan,1755.0,45.767754,4.835679,40.0
dbscan,1756.0,45.767493,4.833394,73.0
dbscan,1757.0,45.767478,4.833421,109.0
dbscan,1758.0,45.768376,4.83717,36.0
dbscan,1759.0,45.767695,4.835078,28.0
dbscan,1760.0,45.76826302325581,4.836795,43.0
dbscan,1761.0,45.7675,4.833333,32.0
dbscan,1762.0,45.767493,4.833415,23.0
dbscan,1763.0,45.767519,4.833394,32.0
dbscan,1764.0,45.76759,4.833383,38.0
dbscan,1765.0,45.768273,4.836142,63.0
dbscan,1766.0,45.768406,4.837253,20.0
dbscan,1767.0,45.767522,4.833447,37.0
dbscan,1768.0,45.76748,4.833486942857143,35.0
dbscan,1769.0,45.767672,4.835175,37.0
dbscan,1770.0,45.767586,4.833816,28.0
dbscan,1771.0,45.767874,4.836399,52.0
dbscan,1772.0,45.767148,4.833501,30.0
dbscan,1773.0,45.76756000000001,4.833383,61.0
dbscan,1774.0,45.76729173584906,4.834261,53.0
dbscan,1775.0,45.767575,4.833447,36.0
dbscan,1776.0,45.767575,4.834025,21.0
dbscan,1777.0,45.766624,4.833641,53.0
dbscan,1778.0,45.76756,4.833415,213.0
dbscan,1779.0,45.767111,4.833179,37.0
dbscan,1780.0,45.76752700000001,4.833863,28.0
dbscan,1781.0,45.767644,4.833472,20.0
dbscan,1782.0,45.767844,4.833436,30.0
dbscan,1783.0,45.766647,4.833587,89.0
dbscan,1784.0,45.76754499999999,4.833608,54.0
dbscan,1785.0,45.766632,4.834112,26.0
dbscan,1786.0,45.766894,4.834101,34.0
dbscan,1787.0,45.766752,4.832932,26.0
dbscan,1788.0,45.76655,4.83379,22.0
dbscan,1789.0,45.767702,4.836108,25.0
dbscan,1790.0,45.766351,4.833555,49.0
dbscan,1791.0,45.7676,4.834272,34.0
dbscan,1792.0,45.767672,4.835067,30.0
dbscan,1793.0,45.766594000000005,4.833683,120.0
dbscan,1794.0,45.762366,4.823631,59.0
dbscan,1795.0,45.762313,4.8223,26.0
dbscan,1796.0,45.762119,4.823572,28.0
dbscan,1797.0,45.762283,4.822032,22.0
dbscan,1798.0,45.761966,4.822311,37.0
dbscan,1799.0,45.763217,4.823395,63.0
dbscan,1800.0,45.762396,4.822249,35.0
dbscan,1801.0,45.763002,4.821689,32.0
dbscan,1802.0,45.762295,4.822697,20.0
dbscan,1803.0,45.761961,4.823279,26.0
dbscan,1804.0,45.762433,4.822783,81.0
dbscan,1805.0,45.762441,4.822161,112.0
dbscan,1806.0,45.762407,4.822332,24.0
dbscan,1807.0,45.762366,4.822493,71.0
dbscan,1808.0,45.76237299999999,4.822815,28.0
dbscan,1809.0,45.762288,4.822435,30.0
dbscan,1810.0,45.762268,4.822558,20.0
dbscan,1811.0,45.762291,4.822268,20.0
dbscan,1812.0,45.762327,4.822544,20.0
dbscan,1813.0,45.762366,4.822494,53.0
dbscan,1814.0,45.762358,4.822268,61.0
dbscan,1815.0,45.762208,4.822622,40.0
dbscan,1816.0,45.761273,4.822075,22.0
dbscan,1817.0,45.762515,4.822193,74.0
dbscan,1818.0,45.762356,4.822347,62.0
dbscan,1819.0,45.762298,4.82228,22.0
dbscan,1820.0,45.761999,4.821302,122.0
dbscan,1821.0,45.76233,4.822493,25.0
dbscan,1822.0,45.762363,4.822216,38.0
dbscan,1823.0,45.762133999999996,4.822847,30.0
dbscan,1824.0,45.762696999999996,4.822664,27.0
dbscan,1825.0,45.762272,4.823181000000001,111.0
dbscan,1826.0,45.76234,4.822354,21.0
dbscan,1827.0,45.762358,4.822043,28.0
dbscan,1828.0,45.761782,4.822558,20.0
dbscan,1829.0,45.762333,4.822166,51.0
dbscan,1830.0,45.762,4.822129,20.0
dbscan,1831.0,45.762453,4.822618,23.0
dbscan,1832.0,45.762235,4.821676,29.0
dbscan,1833.0,45.762351,4.822686,76.0
dbscan,1834.0,45.76241099999999,4.822032,108.0
dbscan,1835.0,45.762727000000005,4.823052,24.0
dbscan,1836.0,45.7623,4.822459,34.0
dbscan,1837.0,45.761789,4.822397,24.0
dbscan,1838.0,45.762328,4.822525,76.0
dbscan,1839.0,45.762283,4.822601,32.0
dbscan,1840.0,45.762538,4.822171,49.0
dbscan,1841.0,45.762288,4.822363,23.0
dbscan,1842.0,45.762152,4.822783,22.0
dbscan,1843.0,45.762669,4.822897,43.0
dbscan,1844.0,45.736765,4.815123,104.0
dbscan,1845.0,45.740895,4.814286,20.0
dbscan,1846.0,45.736913,4.815002,33.0
dbscan,1847.0,45.737892,4.814693,58.0
dbscan,1848.0,45.742011,4.817247,28.0
dbscan,1849.0,45.741007,4.817419,47.0
dbscan,1850.0,45.738491,4.814329,20.0
dbscan,1851.0,45.737099,4.814908,65.0
dbscan,1852.0,45.73644,4.814994,75.0
dbscan,1853.0,45.743007,4.815906,38.0
dbscan,1854.0,45.742535,4.819607,32.0
dbscan,1855.0,45.740447,4.818681,29.0
dbscan,1856.0,45.73701599999999,4.814962,59.0
dbscan,1857.0,45.740378,4.819318,44.0
dbscan,1858.0,45.737144,4.814983,37.0
dbscan,1859.0,45.73703,4.815037,81.0
dbscan,1860.0,45.741187,4.816743,85.0
dbscan,1861.0,45.741508,4.822369,77.0
dbscan,1862.0,45.741322,4.816775,75.0
dbscan,1863.0,45.737175,4.815016,32.0
dbscan,1864.0,45.741067,4.821496,29.0
dbscan,1865.0,45.742472,4.81968,41.0
dbscan,1866.0,45.741486,4.822483,57.0
dbscan,1867.0,45.739167,4.814521,21.0
dbscan,1868.0,45.73459,4.815572,21.0
dbscan,1869.0,45.741758,4.820797,21.0
dbscan,1870.0,45.741936,4.815648,40.0
dbscan,1871.0,45.837448,4.826248,4976.0
kmean,0.0,45.767332405152224,4.859240992974239,427.0
kmean,1.0,45.77021830619169,4.833637776929601,1176.0
kmean,2.0,45.83746243437078,4.826227343407006,13302.0
kmean,3.0,45.7310935678733,4.9512376883484155,1768.0
kmean,4.0,45.741194360632186,4.819290231321839,696.0
kmean,5.0,45.77629895953757,4.768333526011561,173.0
kmean,6.0,45.720667255102036,4.875794663265306,196.0
kmean,7.0,45.79979869444445,4.941647861111111,36.0
kmean,8.0,45.73135030857143,4.734651472000002,875.0
kmean,9.0,45.753870064935064,4.826905327922078,616.0
kmean,10.0,45.78876573529412,4.8785005,34.0
kmean,11.0,45.78439404162437,4.852393363451776,985.0
kmean,12.0,45.759933294117644,4.923664022058824,136.0
kmean,13.0,45.765221121351765,4.981658359447004,651.0
kmean,14.0,45.759914894882435,4.830040861687413,723.0
kmean,15.0,45.77382671428571,4.806317,441.0
kmean,16.0,45.75340119512195,4.85639643902439,123.0
kmean,17.0,45.69994743870968,4.766385077419354,465.0
kmean,18.0,45.73333904221954,4.818703667068758,829.0
kmean,19.0,45.81904647474747,4.904695616161616,99.0
kmean,20.0,45.667758625,4.854240375,16.0
kmean,21.0,45.77379262962963,4.883846,27.0
kmean,22.0,45.76239463026087,4.823129648,2875.0
kmean,23.0,45.806061941176466,4.773840270588235,85.0
kmean,24.0,45.757609744966445,4.842185221476511,300.0
kmean,25.0,45.75029027722772,4.8786114851485145,101.0
kmean,26.0,45.847889247349826,4.851965333922261,566.0
kmean,27.0,45.73128062633452,4.839853145907473,281.0
kmean,28.0,45.71818875058275,4.89486017016317,429.0
kmean,29.0,45.79703179812206,4.8330641596244135,213.0
kmean,30.0,45.76666866739846,4.833601627332602,1822.0
kmean,31.0,45.69474255,4.8676668266666665,300.0
kmean,32.0,45.705054000000004,4.823145,14.0
kmean,33.0,45.765609960176995,4.849225907632744,1808.0
kmean,34.0,45.78522739868421,4.857148775,760.0
kmean,35.0,45.77682921489622,4.854791515262515,819.0
kmean,36.0,45.78653843835617,4.7309588356164385,146.0
kmean,37.0,45.80398645348837,4.959848507751937,258.0
kmean,38.0,45.723748016014234,4.8321861298932385,562.0
kmean,39.0,45.83148156410256,4.879630082051282,195.0
kmean,40.0,45.72065666666667,4.919072635897436,195.0
kmean,41.0,45.749328821596244,4.802848830985916,213.0
kmean,42.0,45.78093332323232,4.8707631616161615,198.0
kmean,43.0,45.777812845930235,4.846432069767442,688.0
kmean,44.0,45.76951696420582,4.8256687785234895,447.0
kmean,45.0,45.758090576200416,4.834599435281837,958.0
kmean,46.0,45.73675797773973,4.815005879280822,1168.0
kmean,47.0,45.78098138095238,4.805036849206349,126.0
kmean,48.0,45.83441570588235,4.840141029411765,34.0
kmean,49.0,45.749152384341635,4.834210604982206,281.0
kmean,50.0,45.74748929059829,4.844213008547008,117.0
kmean,51.0,45.765801729792145,4.763616572748267,433.0
kmean,52.0,45.760913535079794,4.8266512842517315,3321.0
kmean,53.0,45.736127510204085,4.86998587755102,49.0
kmean,54.0,45.76360408219178,4.810504337899544,219.0
kmean,55.0,45.754049470319636,4.867017703196347,219.0
kmean,56.0,45.83679393333333,4.803152466666667,15.0
kmean,57.0,45.66549978205128,4.88768141025641,78.0
kmean,58.0,45.768659779605265,4.875900449013158,608.0
kmean,59.0,45.707109,4.961243809523809,21.0
kmean,60.0,45.7683121681736,4.837337723327305,553.0
kmean,61.0,45.841946387323944,4.914429908450704,142.0
kmean,62.0,45.81827684615384,4.76136717948718,39.0
kmean,63.0,45.796749035928144,4.841707758483034,501.0
kmean,64.0,45.7578538275862,4.898160586206896,29.0
kmean,65.0,45.75987075446429,4.855589058035714,224.0
kmean,66.0,45.77718959047619,4.991152561904762,105.0
kmean,67.0,45.77461913455149,4.834697348837209,603.0
kmean,68.0,45.722338462686565,4.761091104477612,67.0
kmean,69.0,45.71658274358975,4.810687991452991,117.0
kmean,70.0,45.72986806654991,4.8249837189141855,1142.0
kmean,71.0,45.767121458333335,4.782305375,48.0
kmean,72.0,45.76525972727273,4.841331040909091,424.0
kmean,73.0,45.77455694230769,4.8303524,260.0
kmean,74.0,45.82493388888889,4.852938777777778,9.0
kmean,75.0,45.84316706451613,4.835869564516129,62.0
kmean,76.0,45.76447027597403,4.827445395021645,924.0
kmean,77.0,45.74521025900277,4.870544716066482,722.0
kmean,78.0,45.82260342222222,4.819371222222222,45.0
kmean,79.0,45.67834246153846,4.789988,13.0
kmean,80.0,45.778923805084744,4.923977644067796,118.0
kmean,81.0,45.77710973913044,4.958099521739131,23.0
kmean,82.0,45.818272,4.885138599999999,10.0
kmean,83.0,45.68265209090909,4.9193620909090905,11.0
kmean,84.0,45.75107555144033,4.8231220781893,243.0
kmean,85.0,45.7666334,4.90733345625,160.0
kmean,86.0,45.78694571747212,4.795613765799256,269.0
kmean,87.0,45.82411626923077,4.955809403846154,52.0
kmean,88.0,45.757656486202364,4.832009370827858,3805.0
kmean,89.0,45.73072869767442,4.781562837209303,43.0
kmean,90.0,45.732019392070484,4.864850259911894,227.0
kmean,91.0,45.741585263157894,4.906441631578947,19.0
kmean,92.0,45.736016346153846,4.845758705128205,78.0
kmean,93.0,45.70434003030303,4.8523440909090905,33.0
kmean,94.0,45.76808405067218,4.8279405480868665,967.0
kmean,95.0,45.76818463283582,4.801904916417911,335.0
kmean,96.0,45.785256958762886,4.895560082474227,97.0
kmean,97.0,45.76363780306193,4.836101710508003,1416.0
kmean,98.0,45.75619498828125,4.8760174375,256.0
kmean,99.0,45.79785253658537,4.805560317073171,41.0
kmean,100.0,45.78362024779542,4.876322797178131,1134.0
kmean,101.0,45.76799835357143,4.817527221428572,280.0
kmean,102.0,45.76050012630015,4.833573196136701,1346.0
kmean,103.0,45.74988980597015,4.887290104477612,67.0
kmean,104.0,45.783100525,4.818545675,40.0
kmean,105.0,45.75933836659436,4.819310657266811,461.0
kmean,106.0,45.75183826285714,4.845169634285714,175.0
kmean,107.0,45.704661260869564,4.988569304347826,23.0
kmean,108.0,45.80798607042254,4.973320309859155,71.0
kmean,109.0,45.70069032758621,4.811235965517241,58.0
kmean,110.0,45.74274978685613,4.815751859680284,565.0
kmean,111.0,45.75296701807229,4.8374510080321285,498.0
kmean,112.0,45.76481077142857,4.9226868476190475,105.0
kmean,113.0,45.72825571309772,4.815426758835758,481.0
kmean,114.0,45.76079508395062,4.858297054320988,405.0
kmean,115.0,45.807053703225804,4.9024076645161285,155.0
kmean,116.0,45.70988743722944,4.873188073593074,231.0
kmean,117.0,45.7372359,4.7954717,20.0
kmean,118.0,45.75175784347826,4.853784286956522,115.0
kmean,119.0,45.76649178899083,4.879550516055046,436.0
kmean,120.0,45.733696520689655,4.83428001724138,290.0
kmean,121.0,45.77332794188862,4.854537268765133,413.0
kmean,122.0,45.780278361607145,4.832013299107143,223.0
kmean,123.0,45.7841283096624,4.860578841676368,859.0
kmean,124.0,45.7619680174216,4.850922519163763,298.0
kmean,125.0,45.7531311,4.7262274,20.0
kmean,126.0,45.77543338095238,4.856531664399093,441.0
kmean,127.0,45.740330838235295,4.876300794117647,68.0
kmean,128.0,45.75817617372881,4.8246422415254235,708.0
kmean,129.0,45.720487210526315,4.942426157894737,19.0
kmean,130.0,45.74885729063097,4.82552096749522,523.0
kmean,131.0,45.709935,4.744758185185185,27.0
kmean,132.0,45.76871442231076,4.842806011952192,251.0
kmean,133.0,45.75649679520697,4.839722540305011,1377.0
kmean,134.0,45.6666024,4.841674866666667,15.0
kmean,135.0,45.705616,4.888630892857143,28.0
kmean,136.0,45.731143887323945,4.853163154929577,71.0
kmean,137.0,45.732672,4.9790082,10.0
kmean,138.0,45.73602513513514,4.931968945945946,37.0
kmean,139.0,45.76324286619718,4.831354899647887,568.0
kmean,140.0,45.80339977777778,4.858961666666667,18.0
kmean,141.0,45.770833711370265,4.830125909620992,686.0
kmean,142.0,45.6924735,4.9390773333333335,6.0
kmean,143.0,45.785232083333334,5.0033088125,48.0
kmean,144.0,45.81214849275362,4.842044188405797,69.0
kmean,145.0,45.7678118968254,4.888479515873016,126.0
kmean,146.0,45.779486985,4.810083415,200.0
kmean,147.0,45.7822517027027,4.784713297297297,37.0
kmean,148.0,45.7760228,4.795867966666666,30.0
kmean,149.0,45.74298540740741,4.85892637037037,27.0
kmean,150.0,45.75207810526316,4.910986315789474,19.0
kmean,151.0,45.73387999324324,4.877981263513513,148.0
kmean,152.0,45.696106416666666,4.842418583333333,12.0
kmean,153.0,45.76293046015936,4.827589721779549,1506.0
kmean,154.0,45.77925208571428,4.979750542857143,70.0
kmean,155.0,45.74154523076923,4.750909307692308,13.0
kmean,156.0,45.728140706976745,4.8305890209302325,430.0
kmean,157.0,45.72960524439197,4.953757147579694,847.0
kmean,158.0,45.75643620987654,4.798418271604938,81.0
kmean,159.0,45.766195098591545,4.99436261971831,71.0
kmean,160.0,45.78129851694915,4.850709875706214,354.0
kmean,161.0,45.78203811034483,4.866520068965517,145.0
kmean,162.0,45.800548862068965,4.764084103448276,29.0
kmean,163.0,45.738307892857144,4.887616,28.0
kmean,164.0,45.75361247586207,4.833264834482758,435.0
kmean,165.0,45.74514242056075,4.8309771495327105,107.0
kmean,166.0,45.77791973881674,4.856759694083694,693.0
kmean,167.0,45.77917420289855,4.8780334550724636,345.0
kmean,168.0,45.79226772222222,4.821237319444444,72.0
kmean,169.0,45.76131432234957,4.853431967048711,690.0
kmean,170.0,45.799661,4.850461642857143,56.0
kmean,171.0,45.7480369009009,4.817641963963964,111.0
kmean,172.0,45.71528123880597,4.80316323880597,67.0
kmean,173.0,45.72255856,4.82429338,100.0
kmean,174.0,45.77828525407166,4.827805973941368,308.0
kmean,175.0,45.77319994117647,4.841178524064171,187.0
kmean,176.0,45.818922475,4.8654046,40.0
kmean,177.0,45.76309864664311,4.840728374558304,589.0
kmean,178.0,45.73933804347826,4.916178985507246,69.0
kmean,179.0,45.77250463218391,4.820079172413793,87.0
kmean,180.0,45.73697908411215,4.8375214392523365,107.0
kmean,181.0,45.717969515625,4.83354725,64.0
kmean,182.0,45.75089910416667,4.861384541666666,96.0
kmean,183.0,45.76083889556962,4.835804243670886,1575.0
kmean,184.0,45.820552767676766,4.766473762626263,198.0
kmean,185.0,45.767975420481356,4.836190648419065,2110.0
kmean,186.0,45.77431761538462,4.811870782051282,78.0
kmean,187.0,45.74107580994152,4.814792035087719,343.0
kmean,188.0,45.75983740944882,4.847859,254.0
kmean,189.0,45.75122949798116,4.827647913862719,743.0
kmean,190.0,45.76732202464789,4.855608915492958,284.0
kmean,191.0,45.72495564885496,4.828653786259542,393.0
kmean,192.0,45.763629468468466,4.872966198198198,111.0
kmean,193.0,45.7453853090379,4.841730513119534,343.0
kmean,194.0,45.757263761290325,4.808644096774193,155.0
kmean,195.0,45.792237,4.990346787878788,33.0
kmean,196.0,45.769306448504985,4.850776215946844,301.0
kmean,197.0,45.71958133333333,4.967737194444444,36.0
kmean,198.0,45.763408036199095,4.850937751131222,658.0
kmean,199.0,45.851632111111115,4.865995222222223,18.0
kmean,200.0,45.80849334782609,4.943997826086957,23.0
kmean,201.0,45.67394082692308,4.857984817307693,104.0
kmean,202.0,45.842172352941176,4.798556823529411,68.0
kmean,203.0,45.76754487121867,4.834110020743301,1158.0
kmean,204.0,45.761770496161226,4.828953257197696,1042.0
kmean,205.0,45.812463,4.793578733333334,15.0
kmean,206.0,45.76492171153846,4.867651230769231,52.0
kmean,207.0,45.765558668591225,4.831544209006928,866.0
kmean,208.0,45.78692216363636,4.854432896969697,165.0
kmean,209.0,45.73258389873418,4.8213633459915615,474.0
kmean,210.0,45.732304166666665,5.001024833333333,6.0
kmean,211.0,45.789186916666665,4.912191666666667,12.0
kmean,212.0,45.76885151690025,4.830335659521847,1213.0
kmean,213.0,45.758377172955974,4.866587965408805,318.0
kmean,214.0,45.76081792142857,4.779592607142857,140.0
kmean,215.0,45.7413426259947,4.822671190981432,377.0
kmean,216.0,45.75782668421053,4.890401280701754,57.0
kmean,217.0,45.758984946983546,4.826690009140768,547.0
kmean,218.0,45.777783586956524,4.833839358695652,189.0
kmean,219.0,45.81772923333333,4.8973186,60.0
kmean,220.0,45.84865347058823,4.829372764705882,51.0
kmean,221.0,45.7648389375,5.0037075625,32.0
kmean,222.0,45.785641487999996,4.811303344,125.0
kmean,223.0,45.77090769711538,4.83176309375,832.0
kmean,224.0,45.78500092832996,4.854069049357674,1479.0
kmean,225.0,45.770905506329115,4.8459221856540085,237.0
kmean,226.0,45.75861343907563,4.82151850210084,476.0
kmean,227.0,45.70617511111111,4.916720111111111,18.0
kmean,228.0,45.78416697619048,4.887555738095238,42.0
kmean,229.0,45.76604720370371,4.793584462962963,54.0
kmean,230.0,45.69248,4.787599684210527,38.0
kmean,231.0,45.757417263788966,4.836747597122302,417.0
kmean,232.0,45.72264657142857,4.909893028571429,35.0
kmean,233.0,45.69553508333333,4.904213666666667,12.0
kmean,234.0,45.77471005882353,4.863049588235294,51.0
kmean,235.0,45.755120140939596,4.822612268456376,298.0
kmean,236.0,45.692952375000004,4.96566375,8.0
kmean,237.0,45.83254258666667,4.847460306666666,75.0
kmean,238.0,45.768549597222226,4.822494018518518,216.0
kmean,239.0,45.72791914285715,4.9196949387755105,49.0
kmean,240.0,45.83505128703704,4.834510944444444,108.0
kmean,241.0,45.68588692307692,4.7709445384615385,26.0
kmean,242.0,45.779870909375,4.8483952468750005,320.0
kmean,243.0,45.77395588122605,4.826754659003831,261.0
kmean,244.0,45.82582464285714,4.894061404761905,42.0
kmean,245.0,45.78691089285714,4.7739202857142855,28.0
kmean,246.0,45.75978437189055,4.831814947761194,804.0
kmean,247.0,45.84443592528736,4.840106057471265,174.0
kmean,248.0,45.774851570071256,4.832246738717339,418.0
kmean,249.0,45.812737875,4.889305291666666,96.0
kmean,250.0,45.67829566666666,4.898425666666666,15.0
kmean,251.0,45.77220711720227,4.835782544423441,526.0
kmean,252.0,45.797365052631584,4.958995815789474,38.0
kmean,253.0,45.771278405660375,4.871610424528302,106.0
kmean,254.0,45.80720707142857,4.752201035714286,28.0
kmean,255.0,45.761313666666666,4.962356555555556,9.0
kmean,256.0,45.76486086221294,4.833481213987474,958.0
kmean,257.0,45.76683114285714,4.731828285714285,14.0
kmean,258.0,45.72534110714286,4.841029446428571,56.0
kmean,259.0,45.76015737745098,4.862373529411765,204.0
kmean,260.0,45.81557950943397,4.817931849056603,53.0
kmean,261.0,45.770170081632656,4.812814034013606,294.0
kmean,262.0,45.82412920930233,4.828588651162791,43.0
kmean,263.0,45.780637792463764,4.872403611594203,1725.0
kmean,264.0,45.75930672532189,4.927956570815451,233.0
kmean,265.0,45.7860452,4.832584086956522,115.0
kmean,266.0,45.718110184035474,4.893686166297117,451.0
kmean,267.0,45.778814765151516,4.838308212121213,263.0
kmean,268.0,45.72238074418605,4.854378209302325,43.0
kmean,269.0,45.75714042528735,4.853169659003831,261.0
kmean,270.0,45.761330160685155,4.830737696574225,1226.0
kmean,271.0,45.71468677777778,4.934253666666667,9.0
kmean,272.0,45.76241454219949,4.821422354646207,1173.0
kmean,273.0,45.73675368472907,4.840374793103448,203.0
kmean,274.0,45.72546167142857,4.872977757142857,70.0
kmean,275.0,45.79968025,4.86661305,20.0
kmean,276.0,45.77408785483871,4.8516934032258066,248.0
kmean,277.0,45.75535464285714,4.830627367346938,196.0
kmean,278.0,45.748778785714286,4.768643428571429,14.0
kmean,279.0,45.75501768949772,4.8437150456621,219.0
kmean,280.0,45.77019544534413,4.879271655870445,247.0
kmean,281.0,45.7801546,4.76216195,20.0
kmean,282.0,45.72848970124481,4.819030941908713,241.0
kmean,283.0,45.78328957735849,4.849368169811321,265.0
kmean,284.0,45.760609102348994,4.827625840604027,1192.0
kmean,285.0,45.79133304545454,4.8653936363636365,22.0
kmean,286.0,45.687837521739134,4.8473756086956525,23.0
kmean,287.0,45.74493405325444,4.854721562130178,169.0
kmean,288.0,45.765662777027025,4.845408668918918,148.0
kmean,289.0,45.78164519047619,4.856166363636364,462.0
kmean,290.0,45.837401468628535,4.827336169905608,1801.0
kmean,291.0,45.7377507014218,4.818544018957346,211.0
kmean,292.0,45.7210671,4.74955485,20.0
kmean,293.0,45.779207093253966,4.853429369047619,504.0
kmean,294.0,45.75175958701299,4.8425084,385.0
kmean,295.0,45.76995657450077,4.835584605222734,645.0
kmean,296.0,45.714451,4.883005371428571,35.0
kmean,297.0,45.76417034730539,4.816141988023952,167.0
kmean,298.0,45.675857625,4.832486375,8.0
kmean,299.0,45.66373455555556,4.825562333333333,9.0
kmean,300.0,45.81593831067961,4.8475252815533985,103.0
kmean,301.0,45.79925863333333,4.7784911,30.0
kmean,302.0,45.76299114390244,4.838030514634147,429.0
kmean,303.0,45.762907615606935,4.857555228323699,346.0
kmean,304.0,45.74302964150944,4.809034528301887,53.0
kmean,305.0,45.73697276470588,4.7989566029411765,68.0
kmean,306.0,45.73412825471698,4.815357693396226,424.0
kmean,307.0,45.81251771428571,4.9148223571428575,14.0
kmean,308.0,45.78306886111111,4.7359623611111115,36.0
kmean,309.0,45.725129,4.796801833333333,12.0
kmean,310.0,45.8336776,4.7876118,10.0
kmean,311.0,45.76272754166666,4.901537375,48.0
kmean,312.0,45.748665625,4.874402110294118,136.0
kmean,313.0,45.754808358208955,4.812859985074627,67.0
kmean,314.0,45.7388805882353,4.724759529411765,17.0
kmean,315.0,45.79740416981132,4.829312144654088,159.0
kmean,316.0,45.75977090909091,4.758937681818182,22.0
kmean,317.0,45.76078570588235,4.774449960784314,51.0
kmean,318.0,45.728993555555554,4.938729333333334,36.0
kmean,319.0,45.7452793,4.9706806,10.0
kmean,320.0,45.75914382642089,4.836475884792627,650.0
kmean,321.0,45.75733409530293,4.833265247787611,1469.0
kmean,322.0,45.77000266666666,4.86371012,150.0
kmean,323.0,45.74971051219512,4.810851487804878,41.0
kmean,324.0,45.773494785714284,4.9692425,14.0
kmean,325.0,45.759994502358495,4.842331646226415,426.0
kmean,326.0,45.745902111111114,4.835943328282828,198.0
kmean,327.0,45.797939783333334,4.8469119166666665,60.0
kmean,328.0,45.8120057368421,4.969770342105263,38.0
kmean,329.0,45.745599399999996,4.8661173692307695,65.0
kmean,330.0,45.798679038461536,4.9678583846153845,26.0
kmean,331.0,45.75917908,4.88095012,25.0
kmean,332.0,45.75996818336673,4.826014472945892,998.0
kmean,333.0,45.77669969318182,4.822883295454545,88.0
kmean,334.0,45.74872194358974,4.859277312820513,195.0
kmean,335.0,45.738768956852795,4.814423803299492,789.0
kmean,336.0,45.73216021452145,4.953033389438944,303.0
kmean,337.0,45.70299517857143,4.807095946428571,56.0
kmean,338.0,45.76577945251397,4.823930039106145,179.0
kmean,339.0,45.75772145890411,4.859221479452055,146.0
kmean,340.0,45.741482060386474,4.817088586956522,830.0
kmean,341.0,45.714086625,4.900330479166667,48.0
kmean,342.0,45.756032652173914,4.7889988695652175,23.0
kmean,343.0,45.80305805882353,4.821697470588235,17.0
kmean,344.0,45.65771185714286,4.900095714285714,7.0
kmean,345.0,45.7936194137931,4.793453931034483,29.0
kmean,346.0,45.78062094594595,4.863499481081081,185.0
kmean,347.0,45.76418062331839,4.828604328475336,892.0
kmean,348.0,45.702869899999996,4.84316425,20.0
kmean,349.0,45.67083636363636,4.921809090909091,11.0
kmean,350.0,45.78940976744186,4.859335023255814,86.0
kmean,351.0,45.76192226287554,4.8271823422746785,1864.0
kmean,352.0,45.759402514792896,4.840171424556213,677.0
kmean,353.0,45.77723908666667,4.8594458666666664,150.0
kmean,354.0,45.75710853846154,4.826688413298566,767.0
kmean,355.0,45.76857045642202,4.840423623853211,436.0
kmean,356.0,45.79128249056604,4.848186962264151,53.0
kmean,357.0,45.77596635483871,4.777071967741936,31.0
kmean,358.0,45.74215721848739,4.8810025126050425,119.0
kmean,359.0,45.73129728985507,4.833222101449276,69.0
kmean,360.0,45.738560441860464,4.860667069767442,43.0
kmean,361.0,45.772553057471264,4.831786727969349,1042.0
kmean,362.0,45.73121642181818,4.948909476363636,275.0
kmean,363.0,45.76934144117647,4.955571205882353,34.0
kmean,364.0,45.76609231034483,4.827354558247903,1073.0
kmean,365.0,45.74009918095238,4.839936247619048,105.0
kmean,366.0,45.76250464552239,4.8258714788557215,804.0
kmean,367.0,45.76916742137404,4.832572815267175,655.0
kmean,368.0,45.76672279063361,4.829435042699725,726.0
kmean,369.0,45.776529862903224,4.867655903225806,124.0
kmean,370.0,45.753907766666664,4.8893313888888885,90.0
kmean,371.0,45.76812248,4.882600253333334,75.0
kmean,372.0,45.75998918043304,4.820018609462711,1247.0
kmean,373.0,45.75780298076923,4.918857596153845,52.0
kmean,374.0,45.76180919852941,4.855843990196078,408.0
kmean,375.0,45.75930804637681,4.82879057004831,1035.0
kmean,376.0,45.77350977129338,4.856258223974764,634.0
kmean,377.0,45.77688782424242,4.844219869696969,331.0
kmean,378.0,45.83464288888889,4.813840333333333,9.0
kmean,379.0,45.731097858333335,4.8176107861111115,360.0
kmean,380.0,45.74428786647727,4.817556267045455,346.0
kmean,381.0,45.776894140625004,4.852968768229166,384.0
kmean,382.0,45.776685818565404,4.836665801687764,237.0
kmean,383.0,45.75057392857143,4.8200833724489796,196.0
kmean,384.0,45.74068890769231,4.792439569230769,65.0
kmean,385.0,45.79436432,4.95299712,25.0
kmean,386.0,45.74862505263158,4.900280789473684,19.0
kmean,387.0,45.7375076,4.806444975,40.0
kmean,388.0,45.781826833333334,4.915369,18.0
kmean,389.0,45.81297108333333,4.937916833333333,36.0
kmean,390.0,45.70575752941176,4.753942823529412,17.0
kmean,391.0,45.725988395348836,4.835747418604651,43.0
kmean,392.0,45.730329375000004,4.9630731875,16.0
kmean,393.0,45.749423416666666,4.831218594444445,180.0
kmean,394.0,45.803785714285716,4.9842062857142855,7.0
kmean,395.0,45.732426445205476,4.83090695890411,146.0
kmean,396.0,45.75475492727273,4.859953515151515,165.0
kmean,397.0,45.7181069375,4.815796604166667,48.0
kmean,398.0,45.816008980392155,4.769462725490196,51.0
kmean,399.0,45.765620855932205,4.838878101694915,358.0
kmean,400.0,45.75604816985951,4.835307850574712,783.0
kmean,401.0,45.76502046345029,4.836165644736842,676.0
kmean,402.0,45.75581172413793,4.81859067816092,87.0
kmean,403.0,45.714370217391306,4.823977652173913,23.0
kmean,404.0,45.72171124705882,4.879740882352941,85.0
kmean,405.0,45.77572368131868,4.802435164835165,91.0
kmean,406.0,45.72954887473002,4.951516585313176,463.0
kmean,407.0,45.6932028,4.8847877,10.0
kmean,408.0,45.67574772,4.86217462,50.0
kmean,409.0,45.77432676923077,4.792082307692308,65.0
kmean,410.0,45.81594066666666,4.803447666666667,6.0
kmean,411.0,45.71662378571428,4.845413285714286,14.0
kmean,412.0,45.73158496296296,4.886323296296297,27.0
kmean,413.0,45.77457563366337,4.816025504950495,101.0
kmean,414.0,45.70618128571429,4.879405809523809,21.0
kmean,415.0,45.782077,4.938266333333333,6.0
kmean,416.0,45.802838298701296,4.93526609090909,77.0
kmean,417.0,45.753657403846155,4.882221384615384,52.0
kmean,418.0,45.849200238095236,4.836538428571429,21.0
kmean,419.0,45.76323367028986,4.834257398550725,552.0
kmean,420.0,45.74974858474576,4.847568957627119,118.0
kmean,421.0,45.691077538461535,4.829335615384616,13.0
kmean,422.0,45.784261288135596,4.881837966101695,59.0
kmean,423.0,45.76415925,4.8608617109375,128.0
kmean,424.0,45.76237122578084,4.82233340682901,3778.0
kmean,425.0,45.789278125,4.8160278906250005,64.0
kmean,426.0,45.75280862702703,4.830037483783784,370.0
kmean,427.0,45.77106822222222,4.747328333333334,9.0
kmean,428.0,45.74391090909091,4.742310909090909,11.0
kmean,429.0,45.7720950739726,4.833792136986301,720.0
kmean,430.0,45.74947313888889,4.86447975,108.0
kmean,431.0,45.68670227586207,4.7840050000000005,29.0
kmean,432.0,45.77145345890411,4.827268489726027,292.0
kmean,433.0,45.732973260869564,4.873750086956522,69.0
kmean,434.0,45.74607626244344,4.823589828054299,221.0
kmean,435.0,45.7718584691358,4.822803969135802,162.0
kmean,436.0,45.78466095890411,4.872591684931507,73.0
kmean,437.0,45.71206604761905,4.83530219047619,21.0
kmean,438.0,45.84900681690141,4.85497961971831,71.0
kmean,439.0,45.760550594377506,4.86014175502008,498.0
kmean,440.0,45.78276201183432,4.85261050887574,338.0
kmean,441.0,45.76131199065421,4.845879247663551,214.0
kmean,442.0,45.681563555555556,4.9485104444444445,9.0
kmean,443.0,45.72335386486487,4.898367216216216,37.0
kmean,444.0,45.77060651383875,4.83727680866426,839.0
kmean,445.0,45.7682430617284,4.8068928395061725,81.0
kmean,446.0,45.77748602614379,4.850648460784313,306.0
kmean,447.0,45.73254348883049,4.818096482260184,1522.0
kmean,448.0,45.775113329918035,4.8056432254098365,488.0
kmean,449.0,45.75158421338912,4.836023615062762,478.0
kmean,450.0,45.73881266666667,4.763478888888889,9.0
kmean,451.0,45.757099016666665,4.9125684666666665,60.0
kmean,452.0,45.733204,4.7896974,15.0
kmean,453.0,45.76309313068182,4.849197619318182,178.0
kmean,454.0,45.73988885714286,4.893344142857143,49.0
kmean,455.0,45.74748277732794,4.827645307692308,247.0
kmean,456.0,45.842429476190475,4.853597857142857,21.0
kmean,457.0,45.83056870833333,4.874101083333333,24.0
kmean,458.0,45.669539,4.9013489,10.0
kmean,459.0,45.758287905688626,4.830785865269461,668.0
kmean,460.0,45.7600182,4.9439524,5.0
kmean,461.0,45.84456008585859,4.836813095959596,198.0
kmean,462.0,45.77301113043478,4.8936785217391305,23.0
kmean,463.0,45.75830817094017,4.815037196581197,117.0
kmean,464.0,45.73940185542169,4.834058626506024,83.0
kmean,465.0,45.784867,4.7527805,8.0
kmean,466.0,45.81783316666667,4.892918428571429,42.0
kmean,467.0,45.79957205454546,4.8359756727272725,55.0
kmean,468.0,45.80537018181818,4.880093545454545,11.0
kmean,469.0,45.74371764473684,4.849270171052631,76.0
kmean,470.0,45.82525946153846,4.7975031538461534,13.0
kmean,471.0,45.767609067924525,4.835277776100629,795.0
kmean,472.0,45.77399416786571,4.8368457122302155,437.0
kmean,473.0,45.71875058333333,4.788999166666667,12.0
kmean,474.0,45.72197131428572,4.929144971428571,35.0
kmean,475.0,45.761817219963035,4.832638475046211,541.0
kmean,476.0,45.79369333333333,4.873804083333333,24.0
kmean,477.0,45.763874725043785,4.923847788091068,571.0
kmean,478.0,45.70117530769231,4.939548923076923,13.0
kmean,479.0,45.76258107392996,4.812420556420234,257.0
kmean,480.0,45.78807168421053,4.800193973684211,38.0
kmean,481.0,45.767502289215685,4.819996720588235,204.0
kmean,482.0,45.75437066666667,4.8405892056737585,141.0
kmean,483.0,45.704648785714284,4.832193642857143,14.0
kmean,484.0,45.65650457142857,4.8375897142857145,7.0
kmean,485.0,45.752852366666666,4.8219689599999995,150.0
kmean,486.0,45.76066246875,4.8855968125,64.0
kmean,487.0,45.75474492248062,4.84728696124031,129.0
kmean,488.0,45.767498065260384,4.833354342452208,3034.0
kmean,489.0,45.84079095544554,4.835341653465346,202.0
kmean,490.0,45.77509719924812,4.858863966165414,266.0
kmean,491.0,45.734174214285716,4.857647928571429,28.0
kmean,492.0,45.777886227272724,4.798559306818182,88.0
kmean,493.0,45.80048827272727,4.769797545454545,22.0
kmean,494.0,45.7500152872807,4.850043486842105,456.0
kmean,495.0,45.76833206153846,4.982966476923077,65.0
kmean,496.0,45.74963943478261,4.839269017391304,115.0
kmean,497.0,45.772183197183104,4.808488457746479,142.0
kmean,498.0,45.77344402076125,4.828621612456748,290.0
kmean,499.0,45.814287263157894,4.893596671052632,76.0
