cluster,words
1871.0,alchemy salamanderspirit organmuseum prophecy mystery lespritdelasalamandre thierryehrmann freemasonry ddc abodeofchaos
1172.0,partdieu tour incity dieu tower architecture building rhone city sncf
10.0,touch japan japantouch cosplay eurexpo epoquauto japactu japactuinfo coches epoqu
1084.0,insa ldoll villeurbanne haru cross mixte touch japan double bjd
1390.0,saone justice palais passerelle river pont fourviere bridge lumieres rhone
1197.0,confluences musee confluence museedesconfluences museum rhone architecture pont frankrijk fr
1632.0,chaos alchemy organmuseum ehrmann thierryehrmann modernsculpture postapocalyptique sculpturemoderne abodeofchaos landart
1624.0,alchemy revelation prophecy thierryehrmann abodeofchaos 999 demeureduchaos ddc mystery vanitas
1283.0,bmx rhone guillotiere pont river berges fleuve skatepark bridge rhonealpes
1269.0,unicef ong unicefrhone comiterhone leau 2015 06 2014 25 nuit
1289.0,theatre fourviere galloromain nuits musee romain roman lugdunum museum ilce7m3
1392.0,croixrousse pasted paper zombie revolutions streetart collage wheatpaper wheatpaste pasteup
1196.0,halletonygarnier concert halle garnier tony cilou101 martingore 231109 touroftheuniverse depechemode
1002.0,miniature world villeurbanne streetart vaulxenvelin patrimoine metro art bleu iphoneography
1110.0,top14 lou accreditation gerland ubb stadedegerland rugby loust j11 stadetoulousain
1088.0,foursquarevenue4be26f00b02ec9b6a1004dc0 uploadedbyinstagram instagramapp iphoneography squareformat square rise xproii pour hudson
1018.0,handisport mondiaux instagramapp iphoneography squareformat square venissieux sport uploadedbyinstagram championnat
5.0,2009 red 2013 nikon dream exhibition 01 followme 100 saxotaz
1569.0,uploadedbyflickrmobile flickriosappfilternofilter square instagramapp iphoneography squareformat onlylyon bellecour uploadedbyinstagram fetedeslumieres
50.0,ol stadium stade parc vs 2016 concert lumieres lumiere streetart
1185.0,transbordeur live concert metal music arnalphotography arnal arnallephotography arnaudbouvard capturedalive
1642.0,sido internetdesobjets iot conference objetsconnectes citeinternationaledelyon innorobo syrobo emm robolift
1086.0,lumiere institutlumiere musee museum voyage trip 里昂 franca travel europa
1548.0,chaos francmaconnerie ehrmann abode freemasonry salamanderspirit thierry endoftheworld palaisideal postapocalyptique
1280.0,croixrousse zombie walk zombiewalk 10 fr pasted paper places auvergnerhonealpes
1427.0,fresque lyonnais saone passerelle mural river loeil лион frankreich rhonealpes
1096.0,villeurbanne gratteciel hotel spectacle rhone rhonealpes neige ville architecture band
1391.0,celestins theatre parking lumieres fete fetedeslumieres rhone 2010 place 2012
1036.0,heavymetal k20d showrock showmetal hardrock rockshow arnaudbouvard concertlive metalshow arnal
1636.0,chaos outsider palaisideal landart postapocalyptique sculpturemoderne artsingulier zero modernsculpture rawart
1550.0,chaos endoftheworld devastation crashculture groundzero geopolitique ehrmann auteur anarchy visionaryarchitecture
1388.0,passerelle saintgeorges saone georges eglise river bridge saint church night
1291.0,2017 rhone piscine pont river bridge rhonealpes fleuve 2016 auvergnerhonealpes
1544.0,boardgame j2s nuages sunset लय 01 里昂 法国 リヨン フランス
1396.0,eglise church lumieres saint rhone frankrijk fete fetedeslumieres francia frankreich
1634.0,chaos postapocalyptique landart sculpturemoderne palaisideal artsingulier salamanderspirit outsiderart modernsculpture rawart
1300.0,lafayette pont rhone bridge nuit uploadedbyinstagram iphoneography instagramapp squareformat square
1106.0,interieur chat geotagged noir blanc piscine rouge portrait bleu en
11.0,abtra nong loykrathong lesrouesdelouest associationboudhistethaierhonalpine craponne thailande chaponost mai sncf
1093.0,manifestation jean gare fresque guillotiere defile conference gerland 2013 interieur
1558.0,jacobins fontaine place fetedeslumieres lumieres fete pride gay festival 2016
1098.0,cimetiere loyasse 20151108 tombe architecture et fourviere cross 20 03
24.0,sigma japan parking nikon art interdit cars depuis car sous
1405.0,pasted paper lumieres uploadedbyinstagram instagramapp iphoneography squareformat square fete streetart
1009.0,saone peinture eau river jean pentax pont rhone rhonealpes fleuve
1091.0,ninkasikao arnallephotography capturedalive livepic arnalphotography arnal arnaudbouvard concert live hardrock
8.0,uploadedbyinstagram instagramapp iphoneography squareformat square rise rhonealpes hudson amaro paul
1033.0,sauvagie wwwlasauvagiefr tassin cellier norbertcellier norbert tassinlademilune copropriete residence sauvagiefr
1199.0,manifestation dor tete parc lumiere fourviere basilique notredame romain blackwhite
1398.0,lumieres gare fete paul fetedeslumieres 8decembre citta st decembre 69
1179.0,guillotiere pasted paper words streetart wall evenement wheatpaper wheatpaste collage
1296.0,zombie walk marche 2015 festa perrache zombies place blood nikoncoolpixp7100
1292.0,dainay basilique roman 69 rhone et borgonha basilica eglise perrache
1305.0,passerelle rhone bridge rhonealpes uploadedbyinstagram iphoneography instagramapp squareformat square fetedeslumieres
1190.0,sonores nuits 1er saone festival 2013 passerelle live street concert
1413.0,pasted paper croixrousse streetart wheatpaper collage pasteup wheatpaste wall installation
1566.0,bellecour statue lumieres fetedeslumieres fete place international rhonealpes grande square
1117.0,internationalsummerschoolofmathematicsforyoungstudents issmys course alpes fleur macro flowers flower fleurs spring
1293.0,croixrousse rousse croix pasted paper zombie streetart walk novembre wheatpaper
1304.0,fete lumieres city light night flickriosappfilternofilter uploadedbyflickrmobile van restaurant uploadedbyinstagram
1193.0,norbertcellier norbert cellier jaune blanc demi eau noir rouge grande
1178.0,gare fete lumieres architecture rhone auvergnerhonealpes rhonealpes visite patrimoine 2012
12.0,vaulxenvelin ornithologie miribel jonage etang fr lac ain animaux oiseau
1287.0,decembre 8decembre 2017 fetedeslumieres lumieres fete 69 lumiere lugdunum fourviere
1092.0,rhone manifestation live concert design sonores mode nuits marche bellecour
1298.0,skatepark rhone graffiti lumieres nuit fetedeslumieres fete sport park place
1090.0,live concert music villeurbanne metalmusic gig metal musique culture band
1502.0,uploadedbyinstagram iphoneography instagramapp squareformat square saxotaz genie ilove fall instagood
1135.0,foursquarevenue4fe864b7e4b05b60faf6704b uploadedbyinstagram instagramapp iphoneography squareformat square rise xproii pour pas
23.0,uploadedbyinstagram iphoneography instagramapp squareformat square hudson pour en nuit night
1394.0,uploadedbyinstagram instagramapp iphoneography squareformat square upload saxotaz rise instagood followme
1419.0,pasted paper croixrousse streetart collage wheatpaper wheatpaste pasteup wall artcontemporain
1136.0,biennale onlylyon artcontemporain sculpture biennaledelyon people 2019 installation fujifilmxt2 art
1103.0,prison fujifilmxt2 fresque museedesconfluences uploadedbyflickrmobile light forum frankreich dec8 december8
1551.0,chaos endoftheworld geopolitique crashculture devastation visionaryarchitecture blackswantheory anarchy destroy gesamtkuntwerk
1030.0,kyokushin championnat karate competition deurope rhone sport cinema eglise stade
1563.0,passages museedesconfluences photographie evenement confluences photographe musee photos 2010 juin
1686.0,1755mm f28 nikon sigma लय 01 里昂 法国 リヨン フランス
1393.0,pasted paper croixrousse streetart collage wheatpaper wheatpaste pasteup wall stencil
1399.0,saone rhonealpes river gens rhone bar quais pont people francia
1353.0,uploadedbyinstagram instagramapp iphoneography squareformat square upload igerslyon rise hudson pour
1188.0,lyonfrance flickrandroidappfilternone 2013 fete lumieres expo tete dor parc macro
1023.0,live concert 14juillet 2012 juillet gare rhonealpes 14 fr rhone
4.0,citroen geotagged 69 auto 2010 bleu nikon cars rhonealpes voiture
1011.0,garnier tony mural musee urbain quartier francja francia fresque architecture
1778.0,里昂 法国 リヨン フランス 프랑스 리옹 ลยง ประเทศฝรงเศส लय لیون
1012.0,emtvenissieux stefho74 rotonde frenchrailways railways sncf venissieux bb cc pont
1425.0,croixrousse pasted paper rhonealps streetart fra sticker winter wheatpaste wheatpaper
1417.0,vieuxlyon vieux montee place rue saintgeorges street jean saint fourviere
1125.0,croixrousse eglise лион франция winter boardgame j2s nikon architecture church
1378.0,uploadedbyinstagram instagramapp iphoneography squareformat square ce et qui pour upload
1200.0,mur fresque croixrousse streetart ลยง लय لیون wall 리옹 ليون
1114.0,flickriosappfilternofilter uploadedbyflickrmobile interieur exterieur immeuble panorama novembre vue 2016 mur
1038.0,lou rugby top14 lourugby venissieux stade ubb stadetoulousain sports vs
1087.0,voiture mon je cest avec pour dans 01 里昂 法国
1044.0,bron rhonealpes fr rhone cinema culture rhonealps fra portrait french
1111.0,pont saone bridge lyoncity lumieres river fujifilmxt2 sunset urbanlandscape passerelle
1538.0,revelation ddc alchemy palaisideal salamanderspirit vanitas organmuseum prophecy mystery sanctuary
1318.0,perrache gare sncf train railways interieur uploadedbyinstagram instagramapp iphoneography squareformat
1186.0,croixrousse pasted paper streetart wheatpaste wheatpaper pasteup stencil collage wall
27.0,juillet parc 2011 tassinlademilune portrait shooting rhone girl 2017 square
1129.0,vs 2014 square uploadedbyinstagram instagramapp iphoneography squareformat rhonealpes xproii championnat
1100.0,courtmetrage tournage 2014 musees manifestation statue uploadedbyflickrmobile flickriosappfilternofilter passages fete
1024.0,tassinlademilune tassin 05 tourisme 2011 rhone explosion 2015 fireworks day
1295.0,20140530 river rhone frankreich painting light fourviere quai rhonealpes town
1171.0,jardin sunrise partdieu hdr saone landscape city bellecour 5eme rhone
1035.0,06 27 2015 spectacle art comiterhone ong unicefrhone unicef 2013
13.0,miribel jonage lac grande parc feu lumieres shooting woman places
1301.0,passerelle rhone jossaris oss ilce7m3 jossarisfoto f3563 24240mm fe bij
14.0,live concert hardrock showrock showmetal arnallephotography capturedalive arnal arnaudbouvard arnalphotography
1097.0,fourviere competition neige grandlyon snow 2012 europa 69 frankreich rhone
1408.0,croixrousse 2014 lumieres pasted paper rhonealpes streetart fetedeslumieres fete graffiti
1541.0,musee voitures car citroen voiture 100 01 里昂 法国 リヨン
1547.0,automobilmuseum rochetailleesursaone frankreich design 01 里昂 法国 リヨン フランス 2019
49.0,里昂 法国 リヨン フランス 프랑스 리옹 ลยง ประเทศฝรงเศส लय لیون
1340.0,rose et rouge fleurs orange noiretblanc red color blackandwhite portrait
1571.0,defile biennale dance danse places juillet 14 fourviere oeil bellecour
1420.0,eglise church лион франция cathedral paul french vieuxlyon creativecommons commons
1215.0,concert live gig music musique culture rhonealps fra 69005 perrache
1646.0,forum 20 लय 01 里昂 法国 リヨン フランス 2019 لیون
1389.0,creativecommons commons creative cc old french lyons vieux saone uploadedbyflickrmobile
1026.0,boxe sports villeurbanne vs fr auvergnerhonealpes bus gratteciel flower ain
1658.0,courtmetrage tournage video cinema लय 01 里昂 法国 リヨン フランス
1290.0,zombie zombies blood rhonealpes walk sony statue place rhone pentax
1447.0,pasted paper croixrousse streetart collage wheatpaper wheatpaste pasteup uploadedbyinstagram iphoneography
34.0,voyage frankrijk sur 20 लय 01 里昂 法国 リヨン フランス
1183.0,gay pride 2012 2013 2014 2010 2009 bokeh dream danse
6.0,vaulxenvelin piscine rhone iphone sur photos flickriosappfilternofilter uploadedbyflickrmobile en uploadedbyinstagram
1594.0,2016 fr halletonygarnier croixrousse steel institutlumiere auvergnerhonealpes dor tete parc
1242.0,uploadedbyinstagram instagramapp iphoneography squareformat square pour qui pas cest en
1588.0,beauxarts juin lheure palais jour musee 2011 painting peinture paysage
1437.0,paper pasted streetart wheatpaper wheatpaste pasteup collage croixrousse lumieres wall
1312.0,marquis bodyart revelation container artsingulier palaisideal landart postapocalyptique rawart modernsculpture
1593.0,paysage landscape soleil ville pont fourviere sunrise basilique saone blackwhite
1543.0,places moto citroen sport par paris jean ou musee avec
1109.0,uploadedbyinstagram instagramapp iphoneography squareformat square rise xproii je amaro pour
1181.0,octogones convention j2s jeu 2014 villeurbanne 2012 2011 2013 01
1146.0,forum pour 24 2018 centre uploadedbyinstagram iphoneography instagramapp squareformat square
1403.0,concert d800 bar rock music nikkor musique nikon croixrousse pasted
1626.0,artistshouse demeureduchaos groupeserveur thierryehrmann saintromainaumontdor artprice ddc abodeofchaos demeure chaos
1358.0,croixrousse installation streetart pasted paper rue avec wall wheatpaste wheatpaper
1232.0,perrache live concert prison gare sncf monochrome train en uploadedbyinstagram
1137.0,skatepark competition parc sport exterieur soleil street mort zombie fujifilmxt10
1401.0,feudartifice 14juillet fireworks passerelle ville eau book saone nb rhonealpes
1160.0,uploadedbyinstagram iphoneography instagramapp squareformat square rise upload valencia xproii portrait
1195.0,art streetart street exposition fujifilmxt2 graffiti skull eglise crane church
1820.0,basilique fourviere 69 et rhone patrimoine art architecture sculpture rhonealpes
1793.0,beaux beauxarts pransiya frankryk ประเทศฝรงเศส phap فرانسه γαλλια perancis arts
1596.0,photographie photography place st confluence noir blanc white passerelle black
1294.0,rhone uploadedbyinstagram iphoneography instagramapp squareformat square pride pont gay river
1579.0,lumieres fete fetedeslumieres 2013 2eme fdl supermimil place 2011 2017
1729.0,cinema musee 5eme लय 01 里昂 法国 リヨン フランス 2019
1204.0,sonores nuits 2010 gare marche concert musique festival confluence live
1014.0,french flower spring water photography printemps cimetiere portrait nature nikon
1202.0,river rhone saone 50d hiver fleuve nature water canon rhonealpes
1805.0,里昂 法国 リヨン フランス 프랑스 리옹 ลยง ประเทศฝรงเศส लय لیون
1572.0,fete lumieres bellecour fujifilmxt2 2018 reflet reflection nuit night place
1825.0,revolution dartifice feu fourviere 01 里昂 法国 リヨン フランス 2019
1488.0,macro nature fleurs blackandwhite noiretblanc bw nb eau rose fleur
1647.0,parc dor tete parcdelatetedor instagramapp squareformat iphoneography square uploadedbyinstagram nature
1376.0,blackandwhite nuit architecture लय 01 里昂 法国 リヨン フランス 2019
1311.0,croixrousse city ville photos landscape urban fourviere place clouds photography
1102.0,exposition villeurbanne uploadedbyinstagram iphoneography instagramapp squareformat square nikon metro bokeh
1432.0,saone borgonha franca pont vieux river juin feu fourviere bridge
1627.0,demeure chaos demeureduchaos saintromainaumontdor patrimoine journee art 360 2010 abodeofchaos
1757.0,terreaux journee place 1er 20 लय 01 里昂 法国 リヨン
47.0,ornithologie jonage etang miribel lac ain animaux oiseau rhone fr
1834.0,里昂 法国 リヨン フランス 프랑스 리옹 ลยง ประเทศฝรงเศส लय لیون
1350.0,upload uploadedbyinstagram instagramapp iphoneography squareformat square hotel rhone river sunrise
1618.0,evento festa delle 05 12 2014 francia フランス 2019 لیون
1573.0,war pas place pour bellecour en par ce dans et
1585.0,bellecour nikoncoolpixp7100 fujifilmxt10 nuit night illuminations place fetedeslumieres statue lumieres
1333.0,croixrousse zombie walk marche places rousse croix fete square uploadedbyinstagram
1213.0,forum 2016 grand paul partdieu et rue ville identity urban
1400.0,lumieres fete 2011 jean nikon fourviere saone saintjean 2012 cathedrale
1727.0,里昂 法国 リヨン フランス 프랑스 리옹 ลยง ประเทศฝรงเศส लय لیون
1212.0,jardin geotagged ville fleurs macro interieur ligne pasted paper garden
1844.0,biennaledelyon biennale artcontemporain 80 100 法国 リヨン フランス 2019 لیون
1707.0,onlylyon 100 20 लय 01 里昂 法国 リヨン フランス 2019
1630.0,abodeofchaos performance demeureduchaos thierryehrmann saintromainaumontdor apocalypse design art skull crane
1105.0,geotagged interieur ville musee ligne matin macro fresque sur snow
1317.0,rhone river lieux 50d canon festival ville fetedeslumieres fleuve berges
1166.0,international 7eme peinture graffiti festival streetart art street mural fujifilmxt2
1424.0,commons creativecommons creative cc french streetart croixrousse pasted paper lyons
1497.0,uploadedbyinstagram instagramapp iphoneography ilove squareformat saxotaz square cafe instagood followme
1438.0,marche vieuxlyon quartier 2012 georges saint et en лион франция
1356.0,rhone frankreich river 20140530 flickriosappfilternofilter uploadedbyflickrmobile 2012 cote paris berges
1184.0,manifestation 2017 mai 1er vie portrait metro city ville marche
1452.0,musique retro tag graffiti 20 लय 01 里昂 法国 リヨン
1553.0,abodeofchaos portrait chaos demeureduchaos thierryehrmann saintromainaumontdor 999 artprice palaisideal salamanderspirit
1052.0,fresque demi dieu jean saint uploadedbyflickrmobile mural 2014 mur artist
1288.0,perrache gare frankrijk rhone train 2019 2012 metro frankrike rhonealpes
1648.0,biennaledelyon art 2011 dark van et biennale depuis 2010 woman
1344.0,borgonha franca ville pasted paper streetart pasteup wheatpaste wheatpaper collage
1245.0,2015 saone quai vieuxlyon river confluence winter georges лион nikon
1619.0,里昂 法国 リヨン フランス 프랑스 리옹 ลยง ประเทศฝรงเศส लय لیون
1042.0,paul restaurant pont franca frankrijk mural uploadedbyflickrmobile rhonealpes frankreich francia
1363.0,museedesconfluences confluences musee lyoncity confluence facade matin urbain urban rue
1576.0,night 1er 20 लय 01 里昂 法国 リヨン フランス 2019
1201.0,croixrousse 2012 pasted paper rhonealpes rhone streetart jardin collage dec8
1681.0,里昂 法国 リヨン フランス 프랑스 리옹 ลยง ประเทศฝรงเศส लय لیون
1783.0,expo museedesbeauxarts exposition 69 rhone patrimoine sculpture art 里昂 法国
1004.0,fujifilmxt2 interieur d700 lugdunum nikon auvergnerhonealpes reflets rhonealpes wall bokeh
1464.0,flickriosappfilternofilter uploadedbyflickrmobile square uploadedbyinstagram instagramapp iphoneography squareformat rise valencia avec
1113.0,villeurbanne lieux livre noiretblanc 2011 fete danse pasted paper 2012
1661.0,jaune grand blanc deurope chat rose tete rousse 里昂 法国
1860.0,lego confluence decembre rouge 2014 01 里昂 法国 リヨン フランス
1409.0,saone pont bridge juin river night fleuve passerelle water fete
1174.0,bokeh day chat laser pas mystery cest lumiere ninkasi light
2.0,blanc 2019 rhone shooting et woman lights sunrise sun ciel
1436.0,fresque rhonealpes mural quai rhone ecrivain livre bombing patrimoine urbanart
18.0,sncf rhone frankreich car visite juin voyage voiture mai train
1678.0,fleurs details ete dor jaune tete macro fleur vert parc
1339.0,croixrousse pasted paper streetart wheatpaper pasteup wheatpaste collage pentax wall
1804.0,feudartifice 14juillet fireworks juillet feu 14 lumiere light basilique fourviere
1132.0,pentaxk3ii landscape rhone pentax hiver city paysage clouds urban ville
1859.0,biennale biennaledelyon exhibition expo frankrike artwork francie frankrig confluence contemporaryart
1266.0,metal live concert hudson uploadedbyinstagram iphoneography instagramapp squareformat square 里昂
1687.0,cathedrale saintjean jean saint feu spectacle nikoncoolpixp7100 fujifilmxt10 vieuxlyon 50d
1433.0,saone frankrike frankrig uploadedbyinstagram instagramapp iphoneography squareformat square rhonealpes rhone
1194.0,pride gay metropolisoflyon burgundy bourgogne 2012 defile girl rhonealpes spring
1504.0,uploadedbyinstagram instagramapp iphoneography squareformat square saxotaz genie ilove fall 2013
1176.0,georges uploadedbyinstagram iphoneography instagramapp squareformat square restaurant perrache french wall
51.0,nature oiseau hiver d5300 rhonealpes 35mm saone nikon fleur ciel
1198.0,eglise church rhonealpes rhone 2010 architecture notredame 30 tourisme saint
1861.0,live concert gare marche लय 01 里昂 法国 リヨン フランス
1223.0,pentax museedesconfluences pont musee confluence confluences urbanlandscape bluehour night architecture
1833.0,basilique colline fourviere panorama church soleil notredamedefourviere 69 auvergnerhonealpes notredame
1580.0,illuminations fetedeslumieres place saintjean 8decembre bellecour 2010 saone fourviere rhonealpes
1838.0,perancis pransiya phap frankryk γαλλια ประเทศฝรงเศส فرانسه ลยง लय franta
1126.0,streetart installation mural orange rose fresque bleu 2010 mur light
1722.0,d5300 saone vieuxlyon nikon 35mm cathedrale rhone jean saint nikkor
1034.0,villeurbanne marche panasonic rhone musique mur vaulxenvelin juillet container streetart
1428.0,uploadedbyinstagram iphoneography instagramapp squareformat square hudson vieux 1er unescoclassifiedplace rhonealpes
1862.0,rhone 69 rhonealpes par confluence batiment confluences musee et en
1852.0,里昂 法国 リヨン フランス 프랑스 리옹 ลยง ประเทศฝรงเศส लय لیون
1416.0,pasted paper croixrousse streetart wheatpaper wheatpaste collage pasteup stencil wall
1817.0,fourviere basilique fujifilmxt10 nikoncoolpixp7100 nuit night lune sunrise nb monochrome
1268.0,3eme panorama incity nuages tour alpes stade nuit partdieu villeurbanne
1429.0,pasted paper streetart wheatpaste wheatpaper pasteup collage croixrousse wall sticker
1756.0,rassemblement 2014 mai manifestation fete lumieres pride 2013 gay terreaux
1326.0,pont nuit night rhone bridge river 20140530 nikon longexposure cityscape
1606.0,bellecour lumieres fetedeslumieres fete octobre place longexposure reflection 2012 2010
1095.0,chat grandlyon snow neige europa frankreich 69 place video rhonealpes
17.0,grand rhone miribel hiver landscape lac paysage neige bleu blue
1040.0,7eme rotonde sncf guillotiere pont bridge train gerland bb metal
1662.0,2014 world 20 लय 01 里昂 法国 リヨン フランス 2019
1747.0,uploadedbyinstagram iphoneography instagramapp squareformat square xproii लय 01 里昂 法国
1807.0,iphoneography uploadedbyinstagram instagramapp squareformat square fourviere basilique instagood xproii basilica
1395.0,5eme feu saone white fourviere rhonealpes quais blackandwhite rhone ville
1721.0,miniature musee d5300 cinema nikkor saone nikon et rhone film
1361.0,uploadedbyinstagram instagramapp iphoneography squareformat square streetart croixrousse lugdunum urbanart photos
1342.0,thailande croixrousse 2013 marche lumieres fete rhone frankrijk streetphotography fetedeslumieres
1216.0,saone river f3563 ilce7m3 24240mm jossarisfoto jossaris oss bij fe
1209.0,2019 feudartifice 14juillet fujifilmxt2 juillet 14 fourviere nuit night saone
1230.0,jardin monument river лион франция winter saone sculpture croixrousse nikon
1750.0,instagramapp iphoneography squareformat square uploadedbyinstagram placedesterreaux terreaux upload genie place
1336.0,perrache manifestation gare confluence jour 2014 fete lumieres night georges
1369.0,arts rousse portrait noiretblanc blackandwhite couleur color noir blanc rouge
1058.0,cosplay 05 2016 festival xml convention saint lyons ben peinture
1689.0,mai 2010 20 लय 01 里昂 法国 リヨン フランス 2019
1214.0,commons creativecommons creative cc lyons lyonnais cathedral french architecture church
1115.0,villeurbanne piscine graffiti streetart defense mural fresque rue mur cest
1041.0,flickriosappfilternofilter uploadedbyflickrmobile rhonealps fra lyonfrance mai artcontemporain urbanart lugdunum d700
43.0,flickriosappfilternofilter uploadedbyflickrmobile gare red reflet reflection tree nature rouge en
1064.0,interdit visite chaos graff alpes tag sous old graffiti architecture
15.0,chaponost romain frankreich monument rhonealpes rhone roman architecture lyonnais 50d
1108.0,interieur tag ville octobre villeurbanne exposition jour immeuble facade reflection
1442.0,croixrousse course 1er urban pont rhone pasted paper streetart ciel
1583.0,eos lyons travel museedesbeauxarts beauxarts museum placedesterreaux bellecour place eglise
1692.0,citta francia feste festedelleluci 06 st 2009 12 fete lumieres
1460.0,sonores nuits portrait лион франция music winter groupe vinyl architecture
1446.0,rue theatre spectacle en paper pasted croixrousse streetart pasteup wheatpaste
1526.0,pasted paper croixrousse streetart wheatpaste wheatpaper pasteup collage wall installation
1101.0,sncf train uploadedbyinstagram iphoneography instagramapp squareformat square gare flickriosappfilternofilter uploadedbyflickrmobile
1851.0,onlylyon people sculpture friends 100 लय 01 里昂 法国 リヨン
1587.0,rassemblement bellecour lumieres marche fete fetedeslumieres 2014 fourviere place noiretblanc
1238.0,convention cosplay juillet 2011 xml cosplaylyon tete 10 parc alchemist
1462.0,pasted paper croixrousse streetart collage pasteup wheatpaste wheatpaper installation wall
1191.0,rhone commons creativecommons creative quai cc lyons city french trees
1233.0,flickriosappfilternofilter uploadedbyflickrmobile marche rhone noiretblanc rue nuit orange bw guillotiere
1799.0,mai vie 2010 dans et cest sur 里昂 法国 リヨン
1765.0,uploadedbyinstagram instagramapp iphoneography squareformat square friends cafe morning saxotaz fall
1463.0,fireworks saone fete fourviere day feudartifice dartifice notredamedefourviere celebration commons
1029.0,uploadedbyinstagram iphoneography instagramapp squareformat square notredamedefourviere igerslyon flickriosappfilternofilter onlylyon uploadedbyflickrmobile
19.0,tourisme 18 parc 2011 d700 rhone uploadedbyinstagram iphoneography instagramapp squareformat
1094.0,eos canon fujifilmxt2 gerland skatepark bmx street 50d rhonealpes macro
1818.0,80 100 22 24 20 11 10 14 12 لیون
1479.0,saintgeorges vs portrait temps ce cest deurope championnat et bokeh
1059.0,gerland centre d700 fleuve photos photographie noir blanc photography nikon
1773.0,spectacle couleur 2013 fetedeslumieres nuit 01 里昂 法国 リヨン フランス
1735.0,landscape miniature cinema musee et लय 01 里昂 法国 リヨン
1814.0,fourviere commons creativecommons notredamedefourviere eglise creative cc dame basilica cathedral
1263.0,graffiti festival streetart croixrousse wall words mur graff installation rhone
1237.0,parc vue juillet 14 2011 musique concert saone sur rouge
1118.0,fleurs metal jaune avec flower fleur vert flowers oiseau rose
1418.0,croixrousse pasted paper streetart wheatpaste wheatpaper collage pasteup installation art
1071.0,里昂 法国 リヨン フランス 프랑스 리옹 ลยง ประเทศฝรงเศส लय لیون
1152.0,acting villeurbanne performance spectacle rhonealpes rhone gratteciel iphone day grandlyon
1567.0,saone frankreich rhone bellecour lumiere japan poselongue grande trip world
1411.0,uploadedbyinstagram iphoneography instagramapp squareformat square genie saxotaz ilove instagood followme
1205.0,war beaux arts musee mode world et pour cinema decembre
1017.0,bron 20 लय 01 里昂 法国 リヨン フランス 2019 لیون
1652.0,movie tag film 20 लय 01 里昂 法国 リヨン フランス
1143.0,croixrousse pentax pentaxk3ii poselongue genie longexposure bus uploadedbyinstagram instagramapp iphoneography
1794.0,grandlyon 69005 5eme 8dec 8thdecember 8december dec8 december8 december8th fetedeslumieres2009
1480.0,concert nikkor musique music nikon live groupe लय 01 里昂
1856.0,star exposition musee biennale 2eme confluence art 法国 リヨン フランス
1225.0,cafe place lafayette dieu tour jean fontaine restaurant 06 lyonnais
1847.0,biennaledelyon 2011 art en installation et celebration orange biennale architecture
1407.0,palais saintjean cathedrale 2010 vieuxlyon fete jean lumieres cathedral st
1491.0,lou auvergnerhonealpes notredame basilica time church francia fourviere 法国 リヨン
1251.0,sunset sky bokeh rue snow lafayette city lune uploadedbyinstagram iphoneography
1250.0,eglise church franca lumieres voyage fete fujifilmxt10 trip γαλλια phap
1866.0,live concert concertlive gig 01 里昂 法国 リヨン フランス 2019
1710.0,miniature museum 1er 20 लय 01 里昂 法国 リヨン フランス
1164.0,里昂 法国 リヨン フランス 프랑스 리옹 ลยง ประเทศฝรงเศส लय لیون
1552.0,360 abodeofchaos demeureduchaos chaos panorama thierryehrmann ddc artistshouses servergroup lespritdelasalamandre
1680.0,cosplay cosplayer लय 01 里昂 法国 リヨン フランス 2019 لیون
1677.0,fdl supermimil 2016 war museum musee people red paper wall
1676.0,fdl supermimil 2016 train parc dor onlylyon 01 里昂 法国
1162.0,biennale villeurbanne artcontemporain matieres et 2018 10 nature 2017 fr
1211.0,piscine juillet 2016 people urbain urban rue street 20 लय
1072.0,paul dor french लय 01 里昂 法国 リヨン フランス 2019
1120.0,manifestation anonymous metro ville interieur stade gerland gare geotagged architecture
1157.0,villeurbanne residence etudiant pour lieux moto art street metro mon
1752.0,museedesbeauxartsdelyon 1er 20 लय 01 里昂 法国 リヨン フランス 2019
1220.0,garden rose creativecommons commons creative cc lyonnaise lyons lyonnais french
1704.0,里昂 法国 リヨン フランス 프랑스 리옹 ลยง ประเทศฝรงเศส लय لیون
22.0,soleil bron 里昂 2017 star touch uploadedbyinstagram iphoneography instagramapp squareformat
1672.0,artcontemporain musee performance 2016 2017 exposition water printemps 2018 2009
1302.0,manifestation zombies blood zombie rhonealps french sony walk fra fr
1784.0,terreaux decembre 8decembre 69 lumiere fetedeslumieres fete lumieres 2017 2016
1257.0,saone rhonealpes eos lyons vieux hudson river travel avec francia
1402.0,rhonealpes lumieres croixrousse pasted paper uploadedbyinstagram iphoneography instagramapp squareformat square
1519.0,festa evento delle 05 12 2014 francia art street 2019
1590.0,dance bellecour danse places place pride gay marche fete lumieres
33.0,fujifilmxt2 passerelle revolution uploadedbyinstagram instagramapp iphoneography squareformat square fall theatre
1774.0,fr rhonealpes 100 लय 01 里昂 法国 リヨン フランス 2019
1813.0,terreaux presquile bellecour vue sur et rhone uploadedbyflickrmobile fourviere vieuxlyon
1706.0,saintjean 1er 20 लय 01 里昂 法国 リヨン フランス 2019
1716.0,musee vieuxlyon 1er 20 लय 01 里昂 法国 リヨン フランス
1631.0,regard crane mural bunker ou sang demeure chaos mur artiste
1674.0,parc d5300 dor fleur tete nature urbain nikon fourviere 里昂
1777.0,museedesbeauxarts frankrijk museum man sculpture musee statue europa frankreich franca
1600.0,2010 20 लय 01 里昂 法国 リヨン フランス 2019 لیون
30.0,mur sur en metal death canon basilica orange tree et
1430.0,pasted paper croixrousse streetart collage pasteup wheatpaste wheatpaper wall sticker
1628.0,999 saintromainaumontdor demeure chaos musee art rhone laurentcourau 2052 rodolphebessey
1481.0,commons creativecommons pasted creative paper cc croixrousse lyons streetart ruins
1771.0,里昂 法国 リヨン フランス 프랑스 리옹 ลยง ประเทศฝรงเศส लय لیون
1319.0,manifestation places fresque mural van guillotiere mur et place cinema
1349.0,fr auvergnerhonealpes place monochrome lumiere monument bw urban lumieres statue
1829.0,citta francia feste festedelleluci dame basilica notre 06 2009 12
1714.0,lyons bw robot miniature et home cinema je musee monochrome
1486.0,pasted paper croixrousse streetart pasteup wheatpaste wheatpaper collage installation wall
1603.0,palais lumix panasonic forum uploadedbyinstagram iphoneography instagramapp squareformat square rhonealpes
1007.0,villeurbanne insa ciel dream f28 artwork uploadedbyinstagram iphoneography instagramapp squareformat
1025.0,2010 12 11 24 flickriosappfilternofilter uploadedbyflickrmobile 01 25 piscine paris
1683.0,里昂 法国 リヨン フランス 프랑스 리옹 ลยง ประเทศฝรงเศส लय لیون
1153.0,architecture frankrike francie frankrig francja lyons tour franca frankrijk 2019
1310.0,fireworks fetedeslumieres feu 8thdecember dec8 december8 8december 8dec december8th croixrousse
1434.0,vieux vieuxlyon quartier saintjean cathedrale jean saint 22 16 20
1790.0,museedesbeauxartsdelyon lumix panasonic rhone peinture 2018 beauxarts portrait musee monument
1414.0,quai saone jean river st rousse croix cafe rhone feu
1231.0,bw blackandwhite light night street लय 01 里昂 法国 リヨン
1840.0,fujifilmxt2 feudartifice 2018 juillet fourviere 14 nuit night basilique 14juillet
1703.0,lumieres fete 2014 2016 rhonealpes 2018 2013 st jean details
1274.0,里昂 法国 リヨン フランス 프랑스 리옹 ลยง ประเทศฝรงเศส लय لیون
48.0,sncf miribel train bb par concert venissieux ain auvergnerhonealpes en
1397.0,uploadedbyinstagram instagramapp iphoneography squareformat square saxotaz presquile photography followme auvergnerhonealpes
1217.0,perrache pont fleuve gare eau macro fleur nature noir blanc
1453.0,pasted paper croixrousse streetart wheatpaper wheatpaste pasteup collage stencil lugdunum
1122.0,geotagged 2010 ville blanc conference interieur foule bus park printemps
1355.0,pour night voyage trip world matin franca river travel europa
1352.0,streetart croixrousse pasted paper uploadedbyinstagram iphoneography instagramapp squareformat square marche
1744.0,placedesterreaux terreaux fetedeslumieres museedesbeauxarts lumieres light lights fete lumiere beauxarts
53.0,animaux oiseau nature fleur rhonealpes nb लय 01 里昂 法国
1144.0,uploadedbyinstagram iphoneography instagramapp squareformat square reflets saone vs igerslyon hudson
1138.0,visite parc croixrousse neige rhonealpes canon vert green fete lumieres
1849.0,confluence light night longexposure iphoneography instagramapp squareformat square quartier uploadedbyinstagram
1163.0,flickriosappfilternofilter uploadedbyflickrmobile mort quartier notredame basilica tower mon fra fourviere
1467.0,uploadedbyinstagram instagramapp iphoneography squareformat square xproii instagood artist photos croixrousse
1246.0,video 1er 20 लय 01 里昂 法国 リヨン フランス 2019
1053.0,villeurbanne urbain urban city ville rhonealpes rhone 20 लय 01
1542.0,stefho74 frenchrailways railways bb train लय 01 里昂 法国 リヨン
1239.0,citroen architecture rhone vinyl noiretblanc leica reflets monochrome lyonfrance bw
1675.0,defile places en लय 01 里昂 法国 リヨン フランス 2019
1404.0,artist 20140530 rue immeuble pasted paper streetart mm 03 06
1441.0,cathedrale saone quais basilique quai fete lumieres fourviere 2012 saintjean
1306.0,3eme dec8 december8 8dec 8thdecember 8december december8th fetedeslumieres2009 8decembre grandlyon
1307.0,pont river rhone unescoclassifiedplace worldheritagesite unescoworldheritagesite metropolisoflyon burgundy bourgogne unesco
1459.0,museum upload uploadedbyinstagram iphoneography instagramapp squareformat musee square saint rhonealpes
1717.0,miniature cinema musee film urban et event vieuxlyon pour dans
1208.0,saone fourviere river patrimoine journee fujifilmxt2 uploadedbyinstagram iphoneography instagramapp squareformat
1032.0,architecture rhonealpes rhone cest fourviere uploadedbyinstagram iphoneography instagramapp squareformat square
1127.0,flickriosappfilternofilter uploadedbyflickrmobile paris pasted paper place fete course theatre uploadedbyinstagram
1728.0,5eme cathedrale fetedeslumieres 01 里昂 法国 リヨン フランス 2019 لیون
1556.0,bellecour place fete lumieres statue patrimoine world old town 2018
1857.0,lego exposition alpes hotel 2eme en rhone fetedeslumieres festivaloflights festival
1444.0,saone 50d river fleuve hiver nature canon hdr quai georges
1016.0,tour architecture rhonealpes 20 लय 01 里昂 法国 リヨン フランス
1454.0,pasted paper croixrousse streetart wheatpaste wheatpaper pasteup collage wall installation
1325.0,pasted croixrousse paper streetart stencil pasteup wheatpaste wheatpaper collage wall
1412.0,lumieres 2011 fete celebration fetedeslumieres light ruins лион франция 2013
1753.0,lumieres 2014 rue 2012 fete regard place presquile en danse
1760.0,uploadedbyinstagram instagramapp iphoneography squareformat square upload genie rise fall valencia
1177.0,square metro lune uploadedbyinstagram iphoneography instagramapp squareformat rise 2010 01
1082.0,villeurbanne festival urban streetart art street लय 01 里昂 法国
1473.0,20140530 river passerelle saintgeorges eglise saone urbain riviere urban bridge
1843.0,cathedral church statue bridge river sculpture night tree skull tower
1247.0,theatre night lune juillet 2015 noir blanc 2012 photography monochrome
1712.0,uploadedbyinstagram iphoneography instagramapp squareformat square upload vieuxlyon je rise friends
1475.0,saone quais georges river fourviere rhonealpes rhone vieuxlyon passerelle panorama
1461.0,marche rhonealpes saintjean fourviere rhone vieuxlyon saint saone quai blue
1119.0,reflets uploadedbyinstagram instagramapp iphoneography squareformat square architecture auvergnerhonealpes en lheure
1410.0,uploadedbyinstagram instagramapp iphoneography squareformat genie square saxotaz fetedeslumieres2009 fetedeslumieres 8december
1271.0,3eme exposition artist artwork contemporaryart artcontemporain art uploadedbyinstagram iphoneography instagramapp
1366.0,pasted paper croixrousse streetart wheatpaste pasteup wheatpaper collage ben wall
1308.0,montee garden green live rock park travel friends woman spring
1303.0,croixrousse pasted paper streetart wall anonymous wheatpaper wheatpaste collage pasteup
1694.0,flickriosappfilternofilter uploadedbyflickrmobile 20 लय 01 里昂 法国 リヨン フランス 2019
1562.0,2009 fete bellecour place 2018 night 里昂 法国 リヨン フランス
1155.0,urbain urban line sport mur tag water monochrome wall rue
1128.0,2011 crane night metal train uploadedbyinstagram iphoneography instagramapp squareformat square
1865.0,vs perrache sport confluence 20 लय 01 里昂 法国 リヨン
1099.0,moto woman places en issmys internationalsummerschoolofmathematicsforyoungstudents jean 2013 manifestation interieur
1139.0,tassinlademilune 06 2017 2011 rue rhone 01 里昂 法国 リヨン
1815.0,5eme fourviere basilique panorama 01 里昂 法国 リヨン フランス 2019
1130.0,uploadedbyinstagram iphoneography instagramapp squareformat square gratteciel voiture time green amaro
1021.0,concours 2015 concert rose white lights black bron dance danse
1443.0,course 1er urban montee restaurant st travel xproii uploadedbyinstagram iphoneography
1426.0,pasted paper croixrousse streetart wall wheatpaper pasteup wheatpaste collage installation
1322.0,river saone perrache pont water bridge jossarisfoto oss 24240mm f3563
1327.0,museum musee 2eme patrimoine journee 2014 man franca frankrijk europa
1755.0,27 25 30 22 16 24 20 11 18 10
1870.0,arts confluence graffiti urban streetart art street 里昂 法国 リヨン
1654.0,tete parcdelatetedor commons creativecommons creative garden dor cc park parc
1258.0,installation van guillotiere wall mur nikon streetart लय 01 里昂
1485.0,uploadedbyinstagram instagramapp iphoneography squareformat square croixrousse sticker streetart pasted paper
1601.0,里昂 法国 リヨン フランス 프랑스 리옹 ลยง ประเทศฝรงเศส लय لیون
1507.0,rhonealpes saone fleuve fourviere quai basilique fetedeslumieres notredame nuit places
1028.0,rugby vs villeurbanne stade fr rhonealpes auvergnerhonealpes nb bw f28
1154.0,里昂 法国 リヨン フランス 프랑스 리옹 ลยง ประเทศฝรงเศส लय لیون
1665.0,parcdelatetedor water oiseau eau nature macro reflet reflection tete monochrome
1347.0,lyonnaise onlylyon 1er 20 लय 01 里昂 法国 リヨン フランス
1142.0,uploadedbyflickrmobile 2014 flickriosappfilternofilter 2013 novembre decembre 27 instagramapp 20 uploadedbyinstagram
1314.0,citta francia feste festedelleluci mai 06 2009 2010 frankrike 12
1695.0,69005 culture rhonealps fra vieuxlyon film festival gig cinema music
1456.0,commons creativecommons creative cc lyons french clouds sky lyonnais blackandwhite
1546.0,retro automobile moto car लय 01 里昂 法国 リヨン フランス
1610.0,flickriosappfilternofilter uploadedbyflickrmobile bellecour french place tourisme statue rhone 24 places
1853.0,sang blood zombie walk 20 लय 01 里昂 法国 リヨン
1141.0,roman st romain ruins revolution bridge pont bleu place rhone
1140.0,villeurbanne spectacle rhonealpes rhone fontaine 06 conference 01 tourisme fresque
1822.0,cathedrale fourviere rhonealpes rhone rose fleurs 01 里昂 法国 リヨン
1189.0,dream rhone fr quai blackandwhite metropolisoflyon burgundy bourgogne fete cars
1313.0,river rhone pont lieux perrache 50d canon fourviere ville berges
1734.0,borgonha vieux franca लय 01 里昂 法国 リヨン フランス 2019
1764.0,terreaux international animaux manifestation gens people 2013 rue street d700
1330.0,fetedeslumieres 2009 fete lumieres rhone architecture festival light tourisme places
1640.0,expo ben miniature ville लय 01 里昂 法国 リヨン フランス
1779.0,van allegorie 20 लय 01 里昂 法国 リヨン フランス 2019
1670.0,biennale biennaledelyon exhibition expo frankrike francie frankrig exposition artwork musee
1203.0,guillotiere pasted paper uploadedbyinstagram instagramapp iphoneography squareformat square pasteup wheatpaper
1227.0,rocknroll gerland ninkasi musique concert music color 10 2011 punk
1858.0,star artwork people 20 लय 01 里昂 法国 リヨン フランス
1457.0,hotel pasted paper croixrousse streetart urbanart lugdunum stencil photos photographie
1458.0,saone cityscape city travel spring rhonealpes basilica fourviere bridge town
1423.0,pasted paper croixrousse streetart collage wheatpaste wheatpaper pasteup graff creativecommons
1767.0,2eme festival festivaloflights lights fetedeslumieres 2013 fete lumieres 1er 2014
1769.0,patrimoine journee 1er hotel 2014 ville 2eme fetedeslumieres fete lumieres
1341.0,perrache gare confluence francia panasonic train frankreich eos canon hdr
1798.0,fourviere basilique notredame basilica sunset blue dame saone notre urban
1715.0,miniature cinema musee et लय 01 里昂 法国 リヨン フランス
1471.0,pasted paper wheatpaper pasteup wheatpaste collage streetart croixrousse stencil uploadedbyinstagram
1431.0,uploadedbyinstagram instagramapp iphoneography squareformat square dance valencia saxotaz night fall
1743.0,lumieres 2013 fetedeslumieres fete celebration terreaux 2009 2011 museedesbeauxarts light
1299.0,fourviere neige passerelle basilique grandlyon snow rhonealpes printemps frankreich 69
1775.0,里昂 法国 リヨン フランス 프랑스 리옹 ลยง ประเทศฝรงเศส लय لیون
44.0,flickriosappfilternofilter uploadedbyflickrmobile bron xproii fr auvergnerhonealpes uploadedbyinstagram iphoneography instagramapp squareformat
1421.0,vieuxlyon vieux fourviere jean rhonealpes saintjean saint 2017 rhone place
1758.0,bmx d800 nikkor day nikon street statue place 01 里昂
1134.0,uploadedbyflickrmobile 2014 flickriosappfilternofilter manifestation rhonealps avril bus 1er decembre st
1159.0,macro nature noiretblanc blackandwhite fleur animaux chat jeu lugdunum tag
1151.0,uploadedbyflickrmobile flickriosappfilternofilter 20 लय 01 里昂 法国 リヨン フランス 2019
1222.0,gay pride restaurant girl love uploadedbyinstagram iphoneography instagramapp squareformat square
1768.0,uploadedbyinstagram iphoneography instagramapp squareformat square terreaux igerslyon place placedesterreaux city
1749.0,museedesbeauxarts beaux arts fujifilmxt2 musee sculpture 2010 fete lumieres nb
1800.0,fourviere basilique basilica lumieres 2009 celebration fetedeslumieres fete light vieuxlyon
1255.0,confluence old architecture iphone design vie d700 35mm immeuble ville
1659.0,uploadedbyinstagram instagramapp iphoneography squareformat square parcdelatetedor parc onlylyon dor tete
1581.0,jacobins lights 2010 place fetedeslumieres fete lumieres fontaine 2013 fr
1192.0,7eme guillotiere 8dec 8december 8thdecember dec8 december8 december8th fetedeslumieres2009 8decembre
1466.0,mode croixrousse followme saxotaz instagood uploadedbyinstagram instagramapp iphoneography squareformat pasted
1149.0,gerland oeil line juillet tour 2012 train ligne tree urbain
1219.0,jardin 2016 croixrousse ben streetart blue pasted paper wall zombie
1539.0,chat et vert noir लय 01 里昂 法国 リヨン フランス
1415.0,sticker uploadedbyinstagram instagramapp iphoneography squareformat square friends saxotaz ilove fall
1422.0,metal punk band groupe georges rock concert music musique cafe
1236.0,garden hiver partdieu immeuble matin ciel buildings regards rue architecture
1786.0,museedesbeauxartsdelyon placedesterreaux beauxarts unescoclassifiedplace worldheritagesite metropolisoflyon unescoworldheritagesite burgundy bourgogne unesco
1267.0,rhone river sky francia auvergnerhonealpes riviere fleuve immeuble trees pont
1243.0,croixrousse pasted paper wall ben rue rhone streetart town urbain
1836.0,里昂 法国 リヨン フランス 프랑스 리옹 ลยง ประเทศฝรงเศส लय لیون
37.0,francia paul uploadedbyinstagram iphoneography instagramapp squareformat square animaux restaurant il
1693.0,saintjean cathedrale fete lumieres 2017 2011 2012 sur 2014 place
21.0,dor saint rhone rhonealpes nature skull crane perrache sunset lights
1234.0,confluence saone eau film 35mm quai blackandwhite nature architecture vs
1660.0,steampunk shooting tete parc cosplay dress dor juillet ete 22
1249.0,flickriosappfilternofilter uploadedbyflickrmobile naissance flickrandroidappfilternone day 01 里昂 法国 リヨン フランス
1607.0,2012 fetedeslumieres fete lumieres rhonealpes rhone 27 25 30 03
1791.0,里昂 法国 リヨン フランス 프랑스 리옹 ลยง ประเทศฝรงเศส लय لیون
1147.0,roman auvergnerhonealpes romain rhone montee rhonealpes rue geotagged movie auto
1316.0,fr auvergnerhonealpes perrache night sncf gare d700 rhone matin paysage
1165.0,et 3eme december8 dec8 8thdecember 8december 8dec december8th fetedeslumieres2009 theatre
1085.0,2010 20 लय 01 里昂 法国 リヨン フランス 2019 لیون
1578.0,sigma pentax shooting fiction art confluence urbain ville architecture 里昂
1570.0,biennale danse rose 2010 2014 en vie festivaloflights people installation
1737.0,里昂 法国 リヨン フランス 프랑스 리옹 ลยง ประเทศฝรงเศส लय لیون
1638.0,biennaledelyon biennale artcontemporain 30 22 16 24 20 11 18
1846.0,biennale biennaledelyon artcontemporain 2013 city installation day grande jardin vie
1224.0,citta francia feste festedelleluci 05 place 12 2009 fete lumieres
1595.0,nb portrait confluence tour monochrome partdieu fontaine hotel couleur vue
1324.0,2019 saone perrache rhone fleuve bellecour river dainay place leica
1285.0,borgonha franca saone quais reflection pont water street लय 01
1116.0,villeurbanne geotagged marche ville rhone streetphotography orange tag statue place
1248.0,lune juillet 14 incity fr auvergnerhonealpes notredame 2014 tour basilique
1761.0,citta francia feste festedelleluci 05 2009 12 place fete lumieres
1763.0,onlylyon sculpture 100 20 लय 01 里昂 法国 リヨン フランス
1801.0,ain 69005 photographe juillet 14 fourviere fete rhone 14juillet feu
1124.0,villeurbanne spectacle rhonealpes rhone insa transbordeur 27 25 01 03
1754.0,uploadedbyinstagram instagramapp iphoneography squareformat square museedesbeauxarts upload flickriosappfilternofilter uploadedbyflickrmobile art
1725.0,notredame saone vieux saintjean cathedrale fourviere justice palais fontaine hotel
1748.0,terreaux fontaine illuminations fujifilmxt10 fete lumieres fujifilmxt2 placedesterreaux light nuit
1604.0,jacobins place fontaine fete lumieres rose ilce7m3 oss jossarisfoto 24240mm
1006.0,villeurbanne cimetiere francja tombe bokeh worldwar snow winter neige flickriosappfilternofilter
1702.0,flickriosappfilternofilter uploadedbyflickrmobile 20 लय 01 里昂 法国 リヨン フランス 2019
1370.0,grandlyon 69005 5eme 8decembre 8dec 8december 8thdecember dec8 december8 festivaloflights
1260.0,chat nuit interieur 2019 reflet noir sur heure night mon
1206.0,partdieu rhone reflets architecture immeuble wall ville dance artist batiment
1451.0,square uploadedbyinstagram instagramapp iphoneography squareformat cafe rise rhonealpes presquile light
1493.0,spring printemps travel ville rhone pride gay 2012 marche places
1490.0,pasted paper croixrousse streetart wall collage wheatpaste wheatpaper pasteup installation
31.0,miribel animaux parc oiseau rhonealpes grand jonage eau 2018 pont
35.0,shooting uploadedbyinstagram iphoneography instagramapp squareformat soleil square naissance lac rencontre
1839.0,phap pransiya perancis frankryk γαλλια ประเทศฝรงเศส فرانسه ลยง लय franta
1863.0,dark star exposition dans 01 里昂 法国 リヨン フランス 2019
1854.0,里昂 法国 リヨン フランス 프랑스 리옹 ลยง ประเทศฝรงเศส लय لیون
1503.0,uploadedbyinstagram instagramapp iphoneography squareformat square friends saxotaz ilove fall picoftheday
1112.0,croixrousse uploadedbyinstagram iphoneography instagramapp squareformat square sticker streetart pentax pasted
1483.0,feudartifice 14juillet lyons flickriosappfilternofilter uploadedbyflickrmobile 01 里昂 法国 リヨン フランス
1501.0,romain facade quai rhonealpes rhone marche nb 20 लय 01
1348.0,hiver rhone river quais winter 20140530 guillotiere pont en rhonealpes
1741.0,december8 dec8 8thdecember 8december 8dec december8th fetedeslumieres2009 1er grandlyon 8decembre
1751.0,iphoneography instagramapp squareformat square uploadedbyinstagram upload picoftheday onlylyon genie rise
1104.0,villeurbanne reflet immeuble geotagged ville urban ciel soleil tourisme 11
1505.0,animaux fetedeslumieres rhonealpes rhone 27 25 01 30 03 06
1364.0,dainay basilique perrache bellecour saone rhone 2eme centre flickrandroidappfilternone 2011
1469.0,river rhone metal sticker rhonealpes jaune vieuxlyon movie urbain лион
1549.0,demeure chaos लय 01 里昂 法国 リヨン フランス 2019 لیون
1156.0,etudiant residence 7eme pour park zombie mort walk travel avec
32.0,vert eau 20 लय 01 里昂 法国 リヨン フランス 2019
1664.0,feu festival लय 01 里昂 法国 リヨン フランス 2019 لیون
1161.0,place leica mur streetart art rhone street portrait oeil exterieur
1240.0,dame pentax nuit 911 double lheure regard grand sous cest
1568.0,bellecour fr place fete lumieres manifestation rhonealps grande decembre fra
1450.0,vieuxlyon vieux rhonealpes streetart 69 montee grandlyon sticker installation pasted
1653.0,conference 20 लय 01 里昂 法国 リヨン フランス 2019 لیون
1782.0,evento festa delle 05 12 2014 francia フランス 2019 لیون
1792.0,perancis ประเทศฝรงเศส pransiya γαλλια frankryk phap فرانسه fransa लय لیون
1809.0,里昂 法国 リヨン フランス 프랑스 리옹 ลยง ประเทศฝรงเศส लय لیون
1823.0,basilique fourviere rhonealpes rhone notredame lumix panasonic sculpture vieuxlyon visite
1439.0,fireworks exterieur 2011 nuit beaux arts musee リヨン フランス quartier
1133.0,portrait cars canon photography photographie eos love ciel 2010 rhonealpes
1700.0,cathedrale 69 rhone 27 25 22 16 24 20 11
1357.0,bokeh uploadedbyinstagram iphoneography instagramapp squareformat square flickriosappfilternofilter uploadedbyflickrmobile pour rise
1738.0,cathedrale church jean saint 27 25 30 24 20 フランス
1772.0,panasonic lumix placedesterreaux sculpture musee beauxarts photographe dieu et noir
1346.0,pasted paper croixrousse streetart wheatpaste wheatpaper pasteup collage dd ben
1742.0,terreaux fontaine hiver place 2009 fete lumieres 里昂 法国 リヨン
1121.0,12 man city metro ligne line 80 hotel nuit ville
1244.0,vue exposition 2015 exhibition novembre leica par 10 film installation
39.0,salon auto lieux voiture car hdr citroen hotel night live
1639.0,jardin garden culture dor tete parc 01 里昂 法国 リヨン
1622.0,par eglise saint 20 लय 01 里昂 法国 リヨン フランス
1050.0,bron tour parc 20 लय 01 里昂 法国 リヨン フランス
1599.0,avril 14 2013 lumieres fete 2012 fetedeslumieres place noiretblanc blackandwhite
1621.0,里昂 法国 リヨン フランス 프랑스 리옹 ลยง ประเทศฝรงเศส लय لیون
1218.0,places fourviere fleur flower immeuble salon rhonealpes novembre jour paris
1557.0,sonores nuits garden 2009 rock fr tete blackwhite nb monochrome
1740.0,musee museedesbeauxarts beaux arts creativecommons commons creative cc lyonnaise museum
1512.0,里昂 法国 リヨン フランス 프랑스 리옹 ลยง ประเทศฝรงเศส लय لیون
1150.0,villeurbanne peinture dans 20 लय 01 里昂 法国 リヨン フランス
1691.0,saintjean jean saint cathedrale facade juillet rose st vieux architecture
1525.0,stencil pochoir eos streetart canon secret 50d bluehour 30 alpes
1633.0,demeureduchaos demeure chaos romain dor st 2019 mur monochrome noiretblanc
1527.0,vieuxlyon river nikon saone quai architecture pont winter cathedrale fujifilmxt2
1616.0,jacobins 20140530 place exterieur fontaine 05 tourisme rhone 14 2010
1019.0,macro parc canon fleur flower vert sang green villeurbanne rouge
1560.0,fete 2012 lumieres illuminations presquile fontaine light 2009 festival city
1864.0,gare marche grand blanc live concert canon couleur color nb
1435.0,pasted paper croixrousse streetart pasteup wheatpaste wheatpaper collage sticker exposition
1832.0,里昂 法国 リヨン フランス 프랑스 리옹 ลยง ประเทศฝรงเศส लय لیون
1855.0,confluence musee 20 लय 01 里昂 法国 リヨン フランス 2019
1848.0,confluence d800 spectacle nikkor nikon nuit voiture car 01 里昂
7.0,skatepark sport soleil street venissieux jour metro sncf gare exterieur
1827.0,d800 leica notredame 35mm church 2015 basilique frankreich fourviere nikon
1796.0,basilique fourviere lumieres 2011 2009 fete nuages 法国 リヨン フランス
1808.0,feudartifice dartifice 14juillet fireworks juillet feu 14 2011 fourviere nikon
1739.0,cathedrale church jean saint 69 01 里昂 法国 リヨン フランス
1736.0,musee arts fujifilmxt2 museum लय 01 里昂 法国 リヨン フランス
1145.0,gerland interieur concert facade dress nuit fujifilmxt2 blackwhite love paysage
1470.0,2017 fourviere fete lumieres notredame basilica sur restaurant vue bar
1564.0,defile biennale danse 2010 vie rose en 10 people rue
1759.0,d800 nikkor day nikon street statue hotel rose ville 01
1780.0,placedesterreaux fetedeslumieres fete lumieres rhonealpes rhone 30 01 里昂 法国
1770.0,flickriosappfilternofilter uploadedbyflickrmobile 20 लय 01 里昂 法国 リヨン フランス 2019
1582.0,bellecour place grande 2016 supermimil fetedeslumieres rhonealpes illuminations exterieur fleurs
1641.0,parcdelatetedor fete lumieres 2010 illuminations fujifilmxt10 2018 fujifilmxt2 light festivaloflights
1635.0,portrait palaisideal postapocalyptique artsingulier landart sculpturemoderne outsiderart modernsculpture rawart salamanderspirit
1637.0,oiseau parcdelatetedor nikoncoolpixp7100 tete dor parc fujifilmxt10 fujifilmxt2 hiver reflet
1148.0,fresque mural mur bus car bokeh sunset canon 法国 リヨン
1207.0,sncf bb guillotiere flickrandroidappfilternone train sous ciel soleil french lumiere
1592.0,photographie canon fete photography lumieres lumiere bellecour statue festival spectacle
1697.0,里昂 法国 リヨン フランス 프랑스 리옹 ลยง ประเทศฝรงเศส लय لیون
1824.0,sunrise sun soleil 2015 rhone leica noir white black nb
54.0,ete printemps fra nature portrait photographe frankrike regard shooting 30
1657.0,park nature water parc train dor lac tete art trees
1107.0,nuages 20 bleu sur ciel uploadedbyinstagram iphoneography instagramapp squareformat square
1671.0,parcdelatetedor parc tete dor lyoncity supermimil grandlyon paysage landscape park
1253.0,hotel fourviere restaurant culture auvergnerhonealpes architecture fr interieur passerelle flower
1650.0,uploadedbyinstagram iphoneography instagramapp squareformat square rise palais cc journee world
1210.0,metropolisoflyon burgundy bourgogne unescoclassifiedplace worldheritagesite unescoworldheritagesite unesco auvergnerhonealpes rue rhonealpes
1360.0,onlylyon art streetphotography monochrome confluence urban photographie street saone bridge
1229.0,evento festa delle 05 12 2014 francia square reflection film
1020.0,2012 sur partdieu rhonealpes printemps alpes dark nuages blackwhite hdr
1679.0,parcdelatetedor fr auvergnerhonealpes tree green park dor tete trees reflection
1719.0,festa evento delle 05 12 2014 francia フランス 2019 لیون
1315.0,iphone croixrousse pasted paper streetart wall square pasteup wheatpaste wheatpaper
1323.0,rhone dieu quais sur pont berges night hotel nuit quai
1297.0,paper pasted croixrousse streetart wheatpaste wheatpaper pasteup collage wall installation
1385.0,presquile auvergnerhonealpes chat place pasted paper streetart city croixrousse pasteup
1732.0,dans rue 20 लय 01 里昂 法国 リヨン フランス 2019
1472.0,vieuxlyon فرنسا 法国 フランス saintjean франция francja rue frankryk pransiya
1334.0,rhone pont bridge river fleuve arnaud city perrache sky riviere
1329.0,manifestation cote pont uploadedbyinstagram iphoneography instagramapp squareformat square 25 cafe
1803.0,里昂 法国 リヨン フランス 프랑스 리옹 ลยง ประเทศฝรงเศส लय لیون
1487.0,uploadedbyinstagram iphoneography instagramapp squareformat square genie ilove saxotaz fall qui
1484.0,theme groupe 2019 20 लय 01 里昂 法国 リヨン フランス
1046.0,2011 canon rhonealpes confluence tourisme vue stade tower 03 rhone
1787.0,museedesbeauxartsdelyon unescoclassifiedplace worldheritagesite unescoworldheritagesite metropolisoflyon burgundy bourgogne placedesterreaux beauxarts unesco
1785.0,museedesbeauxartsdelyon placedesterreaux beauxarts unescoclassifiedplace worldheritagesite metropolisoflyon unescoworldheritagesite burgundy bourgogne unesco
1795.0,69005 5eme december8 8dec 8december 8thdecember dec8 december8th fetedeslumieres2009 basilique
1478.0,cosplay st places eglise sur georges pasted paper d800 27
1623.0,unescoworldheritagesite 2015 auvergnerhonealpes vieuxlyon cathedrale cathedral 里昂 法国 リヨン フランス
1690.0,mai 2010 20 लय 01 里昂 法国 リヨン フランス 2019
1264.0,rock river saone star metal riviere musique music macro tete
1534.0,girl 69005 lumix restaurant hdr streetphotography place rue city night
1597.0,iphoneography instagramapp squareformat square uploadedbyinstagram saxotaz upload instagood followme 2013
1575.0,manifestation 1er 20 लय 01 里昂 法国 リヨン フランス 2019
1351.0,rhone dieu confluence hotel facade vision night 프랑스 avril 法国
1338.0,cinema writer ecrivain culture rhonealps paul fra conference film 2017
1449.0,frankreich tourisme justice palais vieuxlyon rhonealpes frankrijk rhone 69 frankrike
1482.0,pasted paper croixrousse wheatpaper pasteup wheatpaste collage streetart sticker vinyl
1276.0,forum line qui spring nature monochrome rhone 20 लय 01
1789.0,里昂 法国 リヨン フランス 프랑스 리옹 ลยง ประเทศฝรงเศส लय لیون
1235.0,patrimoine journee jean saint 2014 printemps frankrijk soleil saone street
1089.0,14 14juillet fireworks juillet 2011 nikon rhone lune 18 nature
1180.0,fourviere lyoncity croixrousse notredame graff tag nuit pentax graffiti streetart
1332.0,pasted croixrousse paper streetart wall wheatpaste wheatpaper pasteup collage words
1536.0,pasted paper croixrousse wall streetart nikkor 2017 wheatpaste wheatpaper pasteup
1474.0,pasted paper streetart pasteup wheatpaste wheatpaper collage valencia cest croixrousse
1718.0,cathedrale st eos jean canon fete lumieres 里昂 法国 リヨン
36.0,uploadedbyinstagram iphoneography instagramapp squareformat square chaponost 01 里昂 法国 リヨン
1682.0,لیون लय ลยง 리옹 ليون frankryk فرانسه pransiya ประเทศฝรงเศส perancis
1591.0,citta francia feste festedelleluci 05 grande 2009 12 bellecour place
1688.0,里昂 法国 リヨン フランス 프랑스 리옹 ลยง ประเทศฝรงเศส लय لیون
1709.0,miniature musee jean saint cinema dieu eglise 01 里昂 法国
1655.0,shooting tete parc cosplay dor 18 2012 xml 里昂 法国
1518.0,vieuxlyon unescoclassifiedplace worldheritagesite unescoworldheritagesite metropolisoflyon burgundy bourgogne rhonealpes unesco rue
1821.0,basilica fourviere notredame church europa nikon travel architecture unesco onlylyon
1835.0,里昂 法国 リヨン フランス 프랑스 리옹 ลยง ประเทศฝรงเศส लय لیون
1837.0,5eme musee basilique fourviere streetart art street 里昂 法国 リヨン
1496.0,jean st saint rousse croix saone georges quai flickrandroidappfilternone cathedrale
1003.0,里昂 法国 リヨン フランス 프랑스 리옹 ลยง ประเทศฝรงเศส लय لیون
1259.0,montee stencil streetart fujifilmxt2 croixrousse pochoir streetphotography pasted paper wall
1261.0,cosplay wall places pasted streetart paper words sticker installation wheatpaste
1644.0,musee exhibition expo 2011 sonores art nuits exposition biennale museum
1406.0,pasted paper installation rue streetart wall museedesbeauxartsdelyon placedesterreaux beauxarts wheatpaste
1645.0,interieur centre voiture drone panorama automobile en mon sous vue
1629.0,demeureduchaos 360 abodeofchaos portrait sculpturemoderne artsingulier postapocalyptique palaisideal landart rawart
1649.0,parc fleurs exterieur lyonnais chat statue et jeu lyonnaise dor
1252.0,uploadedbyinstagram iphoneography instagramapp squareformat square amaro snow xproii graff time
1373.0,auvergnerhonealpes fr bellecour unescoclassifiedplace statue worldheritagesite metropolisoflyon unescoworldheritagesite burgundy bourgogne
1806.0,里昂 法国 リヨン フランス 프랑스 리옹 ลยง ประเทศฝรงเศส लय لیون
1362.0,cote bar d700 photos photographie pont photography nikon soleil ville
1746.0,terreaux place placedesterreaux fontaine museedesbeauxarts musee beauxarts lights paris fresque
1574.0,uploadedbyinstagram iphoneography instagramapp squareformat square upload bellecour valencia graal notredamedefourviere
1577.0,jacobins 20140530 place pride 1er rose gay festival presquile fontaine
1509.0,quai saone eglise city decembre 8decembre bridge architecture town water
1455.0,citta francia feste festedelleluci 06 2009 12 fete flickriosappfilternofilter uploadedbyflickrmobile
1448.0,fourviere croixrousse pentaxk3ii landscape colline cityscape paysage pentax 2010 francja
1374.0,street streetphotography monument 1er museum flower nuages bridge green tour
1375.0,cinema flowers couleur nature people nikon 01 里昂 法国 リヨン
1673.0,artcontemporain 2018 rhonealpes musee 2017 01 里昂 法国 リヨン フランス
40.0,flickriosappfilternofilter 2017 uploadedbyflickrmobile citroen sunrise car salon auto hiver onlylyon
1668.0,jardin paysage nuit ville parc eau reflet 20 लय 01
1254.0,danse pasted paper croixrousse musique pasteup wheatpaste wheatpaper collage streetart
1602.0,flickriosappfilternofilter uploadedbyflickrmobile 20 लय 01 里昂 法国 リヨン フランス 2019
1713.0,里昂 法国 リヨン フランス 프랑스 리옹 ลยง ประเทศฝรงเศส लय لیون
1589.0,bellecour place grand streetphotography street लय 01 里昂 法国 リヨン
1723.0,uploadedbyinstagram iphoneography instagramapp squareformat square museum body cross lyonnaise bridge
1354.0,montee vieuxlyon vue installation rise square upload wall fourviere 69005
1513.0,saone confluence saintgeorges quai pont river architecture travel bridge europa
1365.0,pasted paper croixrousse streetart wheatpaper pasteup wheatpaste collage wall installation
1565.0,nikon jour franca europa french francia 里昂 法国 リヨン フランス
1841.0,dame notre cityscape basilique fourviere saone rhone notredamedefourviere tower statue
1524.0,hotel quartier valencia vieuxlyon ville facade uploadedbyinstagram instagramapp iphoneography squareformat
1499.0,design buildings painting city art architecture rhonealpes reflets rhone presquile
1612.0,bellecour place lumieres statue fete fetedeslumieres2009 2009 2011 fetedeslumieres 2012
1762.0,terreaux hotel 2014 canon ville fete lumieres fetedeslumieres frankrike ete
1320.0,pasted paper croixrousse wheatpaste wheatpaper streetart collage pasteup ben wall
1831.0,uploadedbyinstagram instagramapp iphoneography squareformat square igerslyon lyoncity fourviere onlylyon morning
1545.0,dor saint flickriosappfilternofilter uploadedbyflickrmobile et 01 里昂 法国 リヨン フランス
1440.0,cathedrale jean fete lumieres st vieuxlyon fr auvergnerhonealpes travel sony
1701.0,lumieres uploadedbyinstagram instagramapp iphoneography squareformat square jean cathedrale place terreaux
1359.0,color blue sky लय 01 里昂 法国 リヨン フランス 2019
1337.0,perrache gare train en sncf jeu लय 01 里昂 法国
1584.0,fetedeslumieres fete lumieres lights 2010 01 里昂 法国 リヨン フランス
1705.0,cinema citta francia feste festedelleluci 06 2009 12 fete lumieres
1698.0,2012 vieuxlyon 20 लय 01 里昂 法国 リヨン フランス 2019
1605.0,danse dance bellecour places place 2013 fete lumieres rhone 法国
1586.0,festa lumix panasonic francia evento delle festedelleluci 05 12 2014
1726.0,unescoclassifiedplace worldheritagesite metropolisoflyon unescoworldheritagesite burgundy bourgogne saintjean cathedrale cathedral unesco
1745.0,fetedeslumieres light lumieres lights lumiere fete लय 01 里昂 法国
1515.0,sony graffiti croixrousse sur et rhone 01 里昂 法国 リヨン
1528.0,5eme commons creativecommons creative cc lyons mai french fourviere 14
1520.0,saone rhone celestins cathedrale quai lumieres d800 theatre leica rhonealpes
1372.0,pasted paper croixrousse streetart wheatpaper pasteup wheatpaste collage wall words
1380.0,1er croixrousse installation wall streetart macro pasted paper rhonealpes place
1611.0,jacobins pride gay fontaine places place 2017 cosplay shooting juillet
1613.0,2eme fetedeslumieres fete lumieres bellecour place basilique fourviere tower old
1617.0,festa delle festedelleluci 05 12 2014 francia フランス 2019 لیون
1614.0,rue rose hiver nb fr place street rhonealpes लय 01
1256.0,mural fresque mur rue white black लय 01 里昂 法国
1842.0,oss jossarisfoto jossaris ilce7m3 f3563 24240mm fe bij sec lr
1819.0,里昂 法国 リヨン フランス 프랑스 리옹 ลยง ประเทศฝรงเศส लय لیون
1816.0,里昂 法国 リヨン フランス 프랑스 리옹 ลยง ประเทศฝรงเศส लय لیون
1730.0,nikkor 2017 frankreich fr nikon auvergnerhonealpes rhonealpes leica st church
1321.0,pasted paper croixrousse streetart wheatpaste wheatpaper pasteup collage sigma sticker
1270.0,saone river oss jossarisfoto jossaris ilce7m3 f3563 24240mm fe bij
1286.0,guillotiere fujifilmxt2 river fleuve night rhone nuit 2016 pont festival
1532.0,dance danse woman musique girl rock fete uploadedbyinstagram iphoneography instagramapp
1788.0,museedesbeauxartsdelyon placedesterreaux beauxarts unescoclassifiedplace worldheritagesite metropolisoflyon unescoworldheritagesite burgundy bourgogne musee
1554.0,chaos abode 360 abodeofchaos thierryehrmann saintromainaumontdor demeureduchaos museum demeure panorama
1797.0,fete lumieres fetedeslumieres 2009 2011 festival light rhone 2010 lumiere
1521.0,1er pasted paper course croixrousse streetart urban pasteup wheatpaste wheatpaper
56.0,里昂 法国 リヨン フランス 프랑스 리옹 ลยง ประเทศฝรงเศส लय لیون
1685.0,parcdelatetedor spring printemps flower park avril flowers tree macro fleur
1666.0,里昂 法国 リヨン フランス 프랑스 리옹 ลยง ประเทศฝรงเศส लय لیون
41.0,confluences home conference star quartier car confluence time sun blue
1381.0,film 35mm blackandwhite street light noiretblanc place canon color portrait
1669.0,parcdelatetedor fujifilmxt2 water fujifilmxt10 fleur flower eau park parc 法国
1656.0,parcdelatetedor park frankreich flower avril francia spring printemps 2019 fleur
1643.0,parcdelatetedor oiseau dor tete parc soleil en लय 01 里昂
1241.0,rhone reflets reflet reflection 2017 69 hiver landscape paysage winter
1170.0,bb 2014 japan fete lumieres cars lumix panasonic sncf shooting
1468.0,sticker croixrousse zombie pasted paper streetart zombiewalk wheatpaper wheatpaste pasteup
1508.0,pasted paper streetart wheatpaste wheatpaper collage pasteup croixrousse wall mur
1510.0,croixrousse shooting pasted paper streetart wheatpaste wheatpaper pasteup collage street
1511.0,uploadedbyinstagram iphoneography instagramapp squareformat square igerslyon amaro fourviere lafayette nuages
1514.0,justice palais cathedrale photography jean saint saone nikon lugdunum d700
1867.0,quartier confluence orange quai 69 auvergnerhonealpes architecture rhone 里昂 法国
1167.0,etudiant residence mural fresque pour mur rue avec 01 里昂
1328.0,3eme guillotiere december8 dec8 8thdecember 8december 8dec december8th fetedeslumieres2009 grandlyon
1868.0,confluence 69 auvergnerhonealpes architecture rhone 里昂 法国 リヨン フランス 2019
1273.0,orange color 20 लय 01 里昂 法国 リヨン フランス 2019
1277.0,jossarisfoto jossaris oss ilce7m3 f3563 24240mm fe bij sec lr
1826.0,basilica tower fourviere लय 01 里昂 法国 リヨン フランス 2019
1272.0,train exterieur gare bb sncf alpes dieu batiment architecture immeuble
1533.0,2018 20 लय 01 里昂 法国 リヨン フランス 2019 لیون
1523.0,uploadedbyinstagram iphoneography instagramapp squareformat square building justice artwork palais contemporaryart
1667.0,dor tete parc bar oiseau vue sur लय 01 里昂
1615.0,lumieres eglise flickriosappfilternofilter uploadedbyflickrmobile 2012 fete rue 里昂 法国 リヨン
1489.0,vieux montee vieuxlyon partdieu saintjean lugdunum d700 nikon urbanart photos
1131.0,2010 fete lumieres लय 01 里昂 法国 リヨン フランス 2019
25.0,d700 lhistoire matter regard dame que ce 11 je old
1869.0,confluence rhone auvergnerhonealpes architecture 01 里昂 法国 リヨン フランス 2019
1776.0,placedesterreaux animaux places regard 20 लय 01 里昂 法国 リヨン
1535.0,croixrousse pasted paper streetart shooting wheatpaste wheatpaper pasteup collage places
1506.0,pasted paper croixrousse streetart wheatpaste wheatpaper pasteup collage installation wall
1187.0,2018 14 croixrousse ben streetart installation pasted paper wall mur
1699.0,flickriosappfilternofilter uploadedbyflickrmobile saintjean geotagged lumiere en 01 里昂 法国 リヨン
1384.0,theatre romain roman 1er 20 लय 01 里昂 法国 リヨン
1696.0,miniature flickriosappfilternofilter uploadedbyflickrmobile musee 20 लय 01 里昂 法国 リヨン
1598.0,creativecommons commons creative cc cathedral lyons french church blackandwhite city
1708.0,里昂 法国 リヨン フランス 프랑스 리옹 ลยง ประเทศฝรงเศส लय لیون
1720.0,festa evento delle 05 12 2014 francia フランス 2019 لیون
1828.0,cosplay 20 लय 01 里昂 法国 リヨン フランス 2019 لیون
1477.0,illuminations citta 2009 fete francia feste festedelleluci festival 12 05
1530.0,pasted paper portrait croixrousse wheatpaste wheatpaper collage streetart pasteup 50d
1037.0,pentax bw interieur quai girl portrait 100 bokeh ville noir
1529.0,architecture frankrike francie frankrig лион франция mural rue sticker fresque
1781.0,festa evento delle francia 05 12 2014 festedelleluci 2019 لیون
1733.0,vieux streetart saintjean et 20 लय 01 里昂 法国 リヨン
1731.0,cathedrale jean saint patrimoine et लय 01 里昂 法国 リヨン
1169.0,line urbain urban ligne couleur color bleu blue rue street
1724.0,eglise jean saint vieux saone sur 20 लय 01 里昂
1382.0,montee vieuxlyon installation wall st streetart city pasted paper fr
1383.0,streetart croixrousse artcontemporain place mural mur frankreich statue installation 2017
1711.0,miniature fall 20 लय 01 里昂 法国 リヨン フランス 2019
1465.0,croixrousse installation pasted streetart paper wall stencil streetphotography wheatpaste wheatpaper
1074.0,2019 tour venissieux lune rhonealpes sun soleil macro hdr landscape
1850.0,quais sur ciel dans parking centre regard montee ou jour
1279.0,defense rencontre novembre quartier 2019 14 avec 01 里昂 法国
1540.0,rochetailleesursaone automobile course musee voiture rhone voitures fontaine 01 里昂
1561.0,bellecour places fetedeslumieres lumieres light night musique music fete fr
1802.0,notredame fourviere francia rhonealpes hdr time sky il old 里昂
1830.0,uploadedbyinstagram instagramapp iphoneography squareformat square lyoncity fourviere igerslyon onlylyon francia
1335.0,theatre grandlyon 69 montee 69005 5eme rhonealpes snow neige december8
1221.0,fleuve riviere panorama river rhone iphone pont sunset novembre 1er
1620.0,fete lumieres city 2013 cityscape rhonealps bluehour rhonealpes illuminations fontaine
1123.0,home printemps photographie pentax saint flickriosappfilternofilter uploadedbyflickrmobile 2012 rouge et
1684.0,animaux parc chat लय 01 里昂 法国 リヨン フランス 2019
1609.0,2013 fetedeslumieres fete lumieres rhonealpes shooting rhone bellecour place places
1811.0,dame notre basilique fourviere neige 01 里昂 法国 リヨン フランス
1810.0,fourviere basilique noiretblanc blackandwhite details interieur fresque panorama vue リヨン
1500.0,uploadedbyinstagram iphoneography instagramapp squareformat square saxotaz ilove followme friends 2014
1651.0,fete lumieres 20 लय 01 里昂 法国 リヨン フランス 2019
1517.0,gare fdl supermimil 2016 paul train 2018 saint rhone lumieres
1522.0,croixrousse uploadedbyinstagram instagramapp iphoneography squareformat square streetart pasted paper exposition
1492.0,2018 croixrousse sticker streetart pasted paper collage installation wheatpaper wheatpaste
1498.0,eos landscape panorama travel francia canon saone sunset notredame pasted
1845.0,confluence 20 लय 01 里昂 法国 リヨン フランス 2019 لیون
1226.0,pentax eau architecture batiment pentaxk3ii snow winter leau urbanlandscape urban
1812.0,basilique fourviere d800 nikkor eglise church nikon rhonealpes et リヨン
1766.0,uploadedbyinstagram iphoneography instagramapp squareformat square genie rise friends pride night
1559.0,batiment rhone presquile building french frankrike francie frankrig francja lyons
1445.0,presquile auvergnerhonealpes street et 100 film 2010 urban blackandwhite リヨン
1010.0,december8 dec8 8thdecember 8december 8dec december8th fetedeslumieres2009 grandlyon 8decembre festivaloflights
1555.0,360 abodeofchaos demeureduchaos panorama chaos art servergroup artistshouses maisondartiste prophetie
1476.0,confluence uploadedbyinstagram iphoneography instagramapp squareformat quai square saone en ou
1608.0,fete lumieres 2013 architecture 2012 8decembre tourisme cest 2015 neige
1663.0,nikoncoolpixp7100 parcdelatetedor festival world parc park macro tete pont noir
1309.0,pasted paper croixrousse wheatpaper wheatpaste pasteup collage streetart pentax zombie
1068.0,rhonealpes rhone graff streetart voiture 20 लय 01 里昂 法国
45.0,chaponost shooting batiment tag lyonnais peinture hdr couleur 里昂 法国
42.0,urbain 1er 20 लय 01 里昂 法国 リヨン フランス 2019
1051.0,uploadedbyinstagram iphoneography instagramapp squareformat square flickriosappfilternofilter uploadedbyflickrmobile xproii valencia pour
1331.0,perrache sncf gare train graffiti rhone jossaris oss ilce7m3 jossarisfoto
20.0,square genie d700 art ilove lune followme saxotaz 22 mural
38.0,saint tassinlademilune eglise 2015 lyonnais 10 neige en et rhonealpes
1531.0,eglise notredame church 1er sculpture architecture lumiere fetedeslumieres rhonealpes light
1343.0,museum musee uploadedbyinstagram instagramapp iphoneography squareformat square woman lyons dress
1055.0,tag croixrousse graffiti fresque 35mm pentax cimetiere nuit georges que
1079.0,里昂 法国 リヨン フランス 프랑스 리옹 ลยง ประเทศฝรงเศส लय لیون
1262.0,croixrousse fleur bar reflets rue stencil pentax expo lyonfrance street
1379.0,montee urbain urban line street leica rue wall roman crane
1027.0,villeurbanne gare architecture urban city ville 2012 partdieu ligne lyonnaise
1043.0,chat jardin portrait nb 20 लय 01 里昂 法国 リヨン
1070.0,tassinlademilune tassin moto cafe 2015 double 2016 noir wwwlasauvagiefr norbertcellier
1008.0,lourugby lou ubb rugby neige 2010 residence vs 22 20
1377.0,2eme interieur batiment buildings 2015 法国 リヨン フランス 2019 لیون
57.0,place uploadedbyinstagram iphoneography instagramapp squareformat square लय 01 里昂 法国
1168.0,cest pour architecture monochrome noiretblanc je paysage building auvergnerhonealpes blackandwhite
9.0,eos canon flickrandroidappfilternone 12 80 mm dor cafe rhone photographie
1075.0,trees fra night rhonealpes 20 लय 01 里昂 法国 リヨン
1057.0,bron rugby stade 2014 cote 01 里昂 法国 リヨン フランス
26.0,craponne riviere lyonnaise longexposure 05 2018 dans en et rhonealpes
1367.0,2010 creative juillet confluence rhone hdr 2012 building dans nb
1031.0,home 20 लय 01 里昂 法国 リヨン フランス 2019 لیون
1045.0,nature parc tete ciel en et 01 里昂 法国 リヨン
1516.0,uploadedbyinstagram iphoneography instagramapp squareformat square upload rise followme saxotaz instagood
1067.0,venissieux sncf bb et लय 01 里昂 法国 リヨン フランス
1062.0,里昂 法国 リヨン フランス 프랑스 리옹 ลยง ประเทศฝรงเศส लय لیون
28.0,chaponost parc etang leau reflets pas neige dans sur 01
1048.0,uploadedbyinstagram iphoneography instagramapp squareformat square hudson temps rise 01 里昂
1049.0,venissieux jaune nature parc 1er 20 लय 01 里昂 法国
1495.0,vieuxlyon white 2010 black fr canon sur rue uploadedbyinstagram iphoneography
3.0,flickriosappfilternofilter uploadedbyflickrmobile uploadedbyinstagram iphoneography instagramapp squareformat square restaurant painting vert
55.0,landscape rhonealpes cityscape street winter dark eglise urban city night
52.0,pas clouds 20 लय 01 里昂 法国 リヨン フランス 2019
46.0,uploadedbyinstagram iphoneography instagramapp squareformat square cest hudson sunset portrait woman
1001.0,band live concert musique music portrait uploadedbyinstagram iphoneography instagramapp squareformat
1013.0,villeurbanne concert black लय 01 里昂 法国 リヨン フランス 2019
1345.0,69 montee paul st lyons vieuxlyon hd city rhonealpes 2019
1015.0,monument urbain lights statue lumieres nuit city night architecture justice
1080.0,macro fleur rise upload uploadedbyinstagram iphoneography instagramapp squareformat square 01
1066.0,里昂 法国 リヨン フランス 프랑스 리옹 ลยง ประเทศฝรงเศส लय لیون
1368.0,uploadedbyinstagram iphoneography instagramapp squareformat square xproii friends en amaro pour
1047.0,centre rhone 69 architecture 01 里昂 法国 リヨン フランス 2019
1077.0,rugby sport villeurbanne expo saintjean anonymous line fete rhone 01
1005.0,villeurbanne ligne rue patrimoine vie friends world 35mm lyonnais nature
1065.0,uploadedbyinstagram iphoneography instagramapp squareformat square ligne paul hudson sur 01
1073.0,mort ldoll uploadedbyinstagram iphoneography instagramapp squareformat square metro home pas
1069.0,rugby vs lyoncity uploadedbyinstagram iphoneography instagramapp squareformat square लय 01
16.0,landscape sunrise sunset soleil fujifilmxt2 grand salon leau course time
1022.0,parking double dieu dark pas uploadedbyinstagram iphoneography instagramapp squareformat urbain
1081.0,old frankreich francia लय 01 里昂 法国 リヨン フランス 2019
1061.0,manifestation tag 1er 20 लय 01 里昂 法国 リヨン フランス
1054.0,amaro design uploadedbyinstagram iphoneography instagramapp squareformat square architecture cimetiere project
1039.0,cinema theatre spectacle dance danse 27 concert 法国 リヨン フランス
1078.0,jonage rhonealpes rhone villeurbanne water rue centre shooting vie friends
1056.0,sunrise eglise 2014 fourviere walk 2017 fetedeslumieres canon rhone リヨン
1060.0,sport nature mode uploadedbyinstagram iphoneography instagramapp squareformat square journee bokeh
29.0,que flickriosappfilternofilter uploadedbyflickrmobile spring printemps 2019 avec लय 01 里昂
58.0,tassinlademilune landscape winter 2017 rhonealpes rhone wall street home लय
1076.0,22 tag bridge लय 01 里昂 法国 リヨン フランス 2019
1228.0,jossaris jossarisfoto oss ilce7m3 f3563 24240mm fe bij lr sec
1063.0,lumiere music light rousse croix bleu blue body musique iphone
1371.0,uploadedbyinstagram iphoneography instagramapp squareformat square ilove upload friends xproii فرانسه
1494.0,interieur avec lyoncity uploadedbyinstagram iphoneography instagramapp squareformat square 里昂 法国
1275.0,urban street partdieu film building 2010 blackandwhite streetart art 法国
1278.0,oss jossarisfoto jossaris ilce7m3 f3563 24240mm fe bij sec lr
1265.0,partdieu nikoncoolpixp7100 tour noir blanc white black nb bw city
1158.0,croixrousse rousse croix blue 01 里昂 法国 リヨン フランス 2019
