cluster_id,convex_hull
2.0,"[[45.83747, 4.805295], [45.833102, 4.79988], [45.833297, 4.79978], [45.8411, 4.79639], [45.841111, 4.796389], [45.842191, 4.797552], [45.845986, 4.802822]]"
3.0,"[[45.695449, 4.943869], [45.693332, 4.941398], [45.694265, 4.940006], [45.704481, 4.940508]]"
4.0,"[[45.830286, 4.881663], [45.823727, 4.874202], [45.826975, 4.873605], [45.831056, 4.874099], [45.832578, 4.880375]]"
5.0,"[[45.728688, 4.741438], [45.731344, 4.734613], [45.730703, 4.739656], [45.729584, 4.743106]]"
6.0,"[[45.774516, 4.91887], [45.781532, 4.912162], [45.782131, 4.915398], [45.782314, 4.923098], [45.780833, 4.930667]]"
7.0,"[[45.704396, 4.890031], [45.704789, 4.887443], [45.708888, 4.887777], [45.704995, 4.889785]]"
8.0,"[[45.827233, 4.892772], [45.8266, 4.9008], [45.824438, 4.905833], [45.822765, 4.908125], [45.818394, 4.905916], [45.815902, 4.904502], [45.8155, 4.904166], [45.811003, 4.897327], [45.810775, 4.893986], [45.811097, 4.887844], [45.816014, 4.881295], [45.8187, 4.881655]]"
9.0,"[[45.807735, 4.783816], [45.802288, 4.784702], [45.808119, 4.777619], [45.808186, 4.777572], [45.809126, 4.778451], [45.809268, 4.77873], [45.809691, 4.780005], [45.809686, 4.780269]]"
10.0,"[[45.733355, 4.965272], [45.726027, 4.964469], [45.728314, 4.953095], [45.730711, 4.946089], [45.73275, 4.947102], [45.73474, 4.951572], [45.735147, 4.955363]]"
11.0,"[[45.702833, 4.771833], [45.697375, 4.771445], [45.698799, 4.764525], [45.699952, 4.766365]]"
12.0,"[[45.795917, 4.969725], [45.792813, 4.954651], [45.792982, 4.954161], [45.793051, 4.953967], [45.793132, 4.953866], [45.798334, 4.951937], [45.803888, 4.959166], [45.80413, 4.962998], [45.804135, 4.963186], [45.803958, 4.966677], [45.801221, 4.972128], [45.798401, 4.973309]]"
13.0,"[[45.79448, 4.946213], [45.803144, 4.9265], [45.813037, 4.933569], [45.814176, 4.937691], [45.815011, 4.940779], [45.815034, 4.941444], [45.809956, 4.948182], [45.798575, 4.94968]]"
14.0,"[[45.680898, 4.861932], [45.680579, 4.86351], [45.666725, 4.858403], [45.664808, 4.85143], [45.672649, 4.851624]]"
15.0,"[[45.723768, 4.765512], [45.719566, 4.759215], [45.721618, 4.759966], [45.722486, 4.760513], [45.724269, 4.761861]]"
16.0,"[[45.781781, 4.992389], [45.781262, 4.987492], [45.781651, 4.98732], [45.78174, 4.987385], [45.783859, 4.989273], [45.78486, 4.990518]]"
17.0,"[[45.779182, 4.980958], [45.7777, 4.975776], [45.778089, 4.970433], [45.782534, 4.975281], [45.781232, 4.979853]]"
18.0,"[[45.684166, 4.8445], [45.695606, 4.840046], [45.703182, 4.840657], [45.707404, 4.843672], [45.706044, 4.852706], [45.703976, 4.853575], [45.696977, 4.85248], [45.685399, 4.846922]]"
19.0,"[[45.680191, 4.79059], [45.685777, 4.784798], [45.69356, 4.78197], [45.694096, 4.787678], [45.694658, 4.79433], [45.692144, 4.795285]]"
20.0,"[[45.658372, 4.840338], [45.6714, 4.836285], [45.668397, 4.845586], [45.661852, 4.842363]]"
21.0,"[[45.797235, 4.803447], [45.797915, 4.802366], [45.798833, 4.8075], [45.798932, 4.811496], [45.798083, 4.810638]]"
22.0,"[[45.730988, 4.937753], [45.731205, 4.938919], [45.730284, 4.939877], [45.716713, 4.946797], [45.716677, 4.946708], [45.718386, 4.94359], [45.721294, 4.940572], [45.728027, 4.938022]]"
23.0,"[[45.694718, 4.86763], [45.698263, 4.873585], [45.692766, 4.872072], [45.688243, 4.865119], [45.692993, 4.866589]]"
24.0,"[[45.817666, 4.775666], [45.803791, 4.774577], [45.800354, 4.769762], [45.799472, 4.766555], [45.799327, 4.756502], [45.803412, 4.7534], [45.810226, 4.751425], [45.822166, 4.7585], [45.824612, 4.761028], [45.824225, 4.766983], [45.818262, 4.774941]]"
25.0,"[[45.684833, 4.770166], [45.687816, 4.769187], [45.687801, 4.770115]]"
26.0,"[[45.736861, 4.727597], [45.737333, 4.722833], [45.742166, 4.729], [45.738055, 4.732222]]"
27.0,"[[45.777225, 4.741463], [45.785317, 4.727854], [45.78608, 4.728412], [45.787936, 4.730652], [45.788288, 4.731216], [45.789166, 4.733611], [45.780473, 4.74063]]"
28.0,"[[45.706179, 4.760456], [45.706119, 4.755814], [45.706179, 4.752405], [45.706404, 4.751651], [45.707437, 4.751243], [45.709167, 4.7525], [45.708816, 4.757924], [45.707378, 4.760198]]"
29.0,"[[45.771862, 4.970927], [45.768888, 4.970277], [45.769333, 4.9675], [45.770833, 4.966833], [45.773605, 4.966911]]"
30.0,"[[45.81392, 4.818352], [45.814396, 4.817697], [45.816776, 4.816389], [45.816278, 4.818399], [45.814826, 4.821442], [45.81451, 4.820412]]"
31.0,"[[45.794881, 4.99472], [45.790344, 4.991683], [45.79038, 4.991113], [45.791286, 4.989641], [45.792986, 4.989361], [45.795555, 4.99048], [45.797571, 4.992899]]"
32.0,"[[45.733055, 4.782222], [45.731172, 4.783355], [45.731194, 4.783108]]"
33.0,"[[45.781429, 4.963951], [45.763797, 4.961288], [45.76967, 4.949158], [45.77565, 4.953954], [45.78011, 4.959856]]"
34.0,"[[45.833613, 4.915426], [45.842418, 4.914665], [45.838225, 4.917022], [45.834166, 4.915641]]"
35.0,"[[45.76123, 5.006709], [45.761694, 5.001731], [45.76643, 5.003081], [45.767666, 5.003858], [45.766085, 5.005044]]"
36.0,"[[45.707, 4.7455], [45.71022, 4.743219], [45.710612, 4.745408], [45.710666, 4.7465], [45.7075, 4.746]]"
37.0,"[[45.815081, 4.861435], [45.821335, 4.862501], [45.8165, 4.870166]]"
38.0,"[[45.761703, 4.729013], [45.756111, 4.730277], [45.755167, 4.7295], [45.753443, 4.720312], [45.761595, 4.728841]]"
39.0,"[[45.723055, 4.97], [45.716262, 4.971858], [45.720802, 4.96788]]"
40.0,"[[45.7035, 4.966166], [45.706086, 4.958472], [45.711666, 4.960205], [45.7155, 4.963333], [45.715666, 4.964], [45.714117, 4.966022], [45.711666, 4.968888]]"
41.0,"[[45.710494, 4.837417], [45.712337, 4.834585], [45.712607, 4.834756], [45.712502, 4.835357], [45.712082, 4.836087], [45.711588, 4.836537]]"
42.0,"[[45.6814, 4.899425], [45.677183, 4.900095], [45.673316, 4.900013], [45.669, 4.8975], [45.677216, 4.897836]]"
43.0,"[[45.769008, 4.99214], [45.771736, 4.999144], [45.771494, 4.999347], [45.76637, 4.997406], [45.765666, 4.996], [45.765666, 4.995833], [45.766, 4.993166]]"
44.0,"[[45.731333, 4.931666], [45.73568, 4.93133], [45.738906, 4.932375], [45.740666, 4.9365], [45.7363, 4.934463]]"
45.0,
46.0,"[[45.813127, 4.918275], [45.807966, 4.913359], [45.812552, 4.914526]]"
47.0,"[[45.812813, 4.964768], [45.813055, 4.970555], [45.812933, 4.974811], [45.811953, 4.977053], [45.811886, 4.977107], [45.806944, 4.973333], [45.80677, 4.971377], [45.80683, 4.97113]]"
48.0,"[[45.821831, 4.953471], [45.829616, 4.956405], [45.824485, 4.963974], [45.822333, 4.962166]]"
49.0,
50.0,"[[45.776729, 4.991707], [45.760258, 4.984877], [45.76236, 4.97794], [45.768333, 4.978333], [45.771438, 4.980247], [45.773611, 4.981944], [45.776111, 4.987777]]"
51.0,"[[45.666665, 4.888615], [45.663958, 4.893155], [45.665668, 4.885997]]"
52.0,"[[45.790558, 4.915672], [45.786851, 4.918742], [45.788936, 4.911416], [45.789261, 4.911072], [45.789986, 4.911322]]"
53.0,"[[45.785044, 5.003486], [45.78557, 5.002936], [45.785438, 5.003397], [45.785351, 5.003608]]"
54.0,"[[45.796886, 4.780138], [45.798293, 4.776096], [45.799277, 4.777047], [45.799277, 4.77705], [45.799083, 4.777752], [45.799011, 4.777944], [45.796977, 4.780413], [45.796955, 4.780433]]"
55.0,"[[45.814503, 4.789395], [45.815849, 4.795682], [45.813994, 4.797077], [45.810379, 4.79816], [45.809858, 4.792461], [45.810173, 4.790714]]"
56.0,"[[45.704166, 4.984444], [45.706452, 4.98718], [45.705263, 4.991608], [45.705188, 4.991627], [45.705055, 4.991644], [45.704994, 4.991613], [45.704838, 4.991441]]"
57.0,"[[45.704291, 4.912476], [45.704666, 4.912133], [45.705291, 4.914097], [45.705722, 4.918702], [45.705452, 4.918988], [45.705433, 4.918952]]"
58.0,"[[45.825516, 4.800847], [45.818833, 4.799833], [45.823055, 4.795], [45.824799, 4.795693]]"
1001.0,
1002.0,"[[45.758663, 4.928411], [45.757622, 4.922122], [45.758106, 4.921209], [45.761228, 4.918098], [45.764325, 4.919425], [45.76503, 4.920104], [45.765416, 4.921127], [45.765333, 4.923733], [45.764722, 4.927777], [45.763611, 4.928888], [45.759963, 4.930404]]"
1003.0,"[[45.7379, 4.890536], [45.740255, 4.893461], [45.73828, 4.894197], [45.738242, 4.893833]]"
1004.0,"[[45.704002, 4.805544], [45.706811, 4.808338], [45.706777, 4.808416], [45.700799, 4.811925], [45.700304, 4.811378], [45.698056, 4.808514], [45.70223, 4.80576]]"
1005.0,"[[45.758421, 4.910438], [45.756356, 4.910971], [45.758026, 4.90767], [45.758333, 4.908888]]"
1006.0,"[[45.785494, 4.885935], [45.786038, 4.887591], [45.785998, 4.887966], [45.785552, 4.888455], [45.782913, 4.888883], [45.784958, 4.886019]]"
1007.0,"[[45.784108, 4.883563], [45.781486, 4.881416], [45.783163, 4.880394], [45.785003, 4.881191], [45.785044, 4.881938], [45.785033, 4.882135]]"
1008.0,"[[45.723495, 4.880483], [45.725833, 4.881], [45.72424, 4.881169], [45.723873, 4.881132], [45.723772, 4.881014]]"
1009.0,"[[45.802163, 4.825605], [45.803195, 4.828405], [45.802148, 4.83172], [45.800346, 4.837208], [45.799763, 4.837795], [45.798519, 4.838819], [45.798122, 4.838305], [45.798016, 4.838147], [45.796099, 4.834436], [45.794097, 4.829286], [45.793201, 4.826597], [45.792836, 4.825363], [45.795244, 4.824113]]"
1010.0,"[[45.734837, 4.857845], [45.736732, 4.855281], [45.735874, 4.857008]]"
1011.0,"[[45.734822, 4.868138], [45.729605, 4.86828], [45.729041, 4.8669], [45.728891, 4.866524], [45.731325, 4.863992], [45.732029, 4.86337], [45.73271, 4.862855], [45.733332, 4.862405], [45.73357, 4.86237], [45.734358, 4.86263], [45.734687, 4.863284]]"
1012.0,"[[45.709685, 4.873509], [45.709745, 4.871331], [45.70979, 4.873316], [45.709768, 4.873402]]"
1013.0,"[[45.778836, 4.881241], [45.778774, 4.881177], [45.778816, 4.881116], [45.77984, 4.880772], [45.779623, 4.881201]]"
1014.0,"[[45.729775, 4.876095], [45.728487, 4.875129], [45.730628, 4.872779], [45.7341, 4.86989], [45.736833, 4.868265], [45.736871, 4.868659], [45.736222, 4.873402], [45.735721, 4.874281]]"
1015.0,"[[45.770333, 4.766166], [45.768361, 4.767519], [45.767332, 4.767283], [45.765517, 4.76651], [45.768525, 4.76621]]"
1016.0,"[[45.784166, 4.794444], [45.784166, 4.794166], [45.785, 4.793638], [45.786736, 4.792919], [45.788311, 4.793044], [45.788402, 4.793147], [45.786216, 4.793858]]"
1017.0,
1018.0,"[[45.714722, 4.893888], [45.718, 4.8905], [45.718887, 4.891021], [45.721167, 4.892667], [45.720534, 4.894483], [45.719877, 4.895653], [45.718422, 4.896194], [45.717736, 4.896038]]"
1019.0,"[[45.788809, 4.878133], [45.788888, 4.881111], [45.787846, 4.880043], [45.787682, 4.878628], [45.788399, 4.878294]]"
1020.0,"[[45.736619, 4.805059], [45.738941, 4.806025], [45.737855, 4.806196], [45.737511, 4.806005], [45.736807, 4.805316]]"
1021.0,"[[45.727569, 4.92], [45.727119, 4.920052], [45.727108, 4.919883], [45.727105, 4.919811], [45.727105, 4.9198], [45.727296, 4.919793]]"
1022.0,"[[45.788167, 4.778167], [45.787999, 4.776483], [45.788, 4.775], [45.790498, 4.776885]]"
1023.0,"[[45.719744, 4.808025], [45.721006, 4.820827], [45.720836, 4.821725], [45.720814, 4.821762], [45.719719, 4.823448], [45.714363, 4.815105], [45.711266, 4.7987], [45.714922, 4.799486]]"
1024.0,"[[45.760771, 4.780157], [45.758319, 4.774655], [45.760637, 4.774492], [45.76378, 4.77549], [45.764263, 4.775691], [45.764095, 4.777271], [45.763803, 4.778612], [45.763249, 4.779197]]"
1025.0,"[[45.790532, 4.849348], [45.795869, 4.8466], [45.797447, 4.849708], [45.792672, 4.851957]]"
1026.0,"[[45.767916, 4.907794], [45.763945, 4.909451], [45.764247, 4.90858], [45.764722, 4.907222], [45.766147, 4.904802], [45.768301, 4.903056], [45.768338, 4.903066], [45.768611, 4.905555]]"
1027.0,"[[45.758002, 4.896962], [45.7595, 4.9], [45.758574, 4.90135], [45.75719, 4.901334], [45.757044, 4.89973], [45.757134, 4.898915]]"
1028.0,"[[45.76378, 4.900417], [45.762583, 4.90355], [45.760457, 4.902681], [45.758784, 4.901533], [45.759619, 4.899964]]"
1029.0,"[[45.756402, 4.79679], [45.758668, 4.80199], [45.756666, 4.802222], [45.7545, 4.8015], [45.755688, 4.79793]]"
1030.0,"[[45.787712, 4.800796], [45.785586, 4.79702], [45.787205, 4.795819], [45.789791, 4.796133], [45.79012, 4.796926], [45.789469, 4.79992], [45.788556, 4.800671], [45.788399, 4.800757]]"
1031.0,"[[45.780173, 4.762648], [45.778987, 4.761586], [45.779196, 4.761157], [45.779333, 4.761], [45.781113, 4.76073], [45.780833, 4.761667]]"
1032.0,"[[45.767042, 4.796905], [45.766911, 4.797258], [45.766316, 4.796262], [45.765611, 4.794402], [45.765291, 4.791822], [45.765808, 4.791908]]"
1033.0,
1034.0,"[[45.787157, 4.892499], [45.787846, 4.894151], [45.786738, 4.895014], [45.786214, 4.895339], [45.784915, 4.896136], [45.782687, 4.894961], [45.78207, 4.8934], [45.784546, 4.892488]]"
1035.0,"[[45.77741, 4.767089], [45.775507, 4.769203], [45.775582, 4.766542], [45.775605, 4.766435], [45.776944, 4.76666]]"
1036.0,"[[45.791233, 4.842636], [45.791166, 4.841972], [45.793086, 4.837816], [45.793347, 4.837425], [45.793575, 4.837474], [45.79778, 4.840807], [45.801483, 4.848222], [45.80148, 4.848327], [45.801402, 4.850827], [45.798713, 4.852951], [45.797193, 4.853607]]"
1037.0,"[[45.740648, 4.888057], [45.736872, 4.889397], [45.737638, 4.886813], [45.738514, 4.885976], [45.738611, 4.885976], [45.74045, 4.887099]]"
1038.0,"[[45.718347, 4.875544], [45.719911, 4.873584], [45.721626, 4.874925], [45.721671, 4.874968], [45.721416, 4.875826], [45.720499, 4.87618], [45.718808, 4.875905]]"
1039.0,"[[45.742909, 4.799458], [45.742587, 4.799587], [45.742681, 4.799501], [45.742813, 4.799457]]"
1040.0,"[[45.736979, 4.84939], [45.731991, 4.845108], [45.738883, 4.844705], [45.740023, 4.845432], [45.739117, 4.846837]]"
1041.0,"[[45.723, 4.871], [45.7257, 4.86896], [45.726, 4.873333], [45.726, 4.873666], [45.725333, 4.875333], [45.725, 4.875], [45.723186, 4.871499]]"
1042.0,"[[45.816763, 4.849488], [45.816758, 4.850305], [45.815497, 4.847488], [45.815395, 4.846804], [45.815799, 4.847022], [45.816763, 4.849486]]"
1043.0,"[[45.79232, 4.794567], [45.793336, 4.794741], [45.791833, 4.795], [45.791833, 4.794833], [45.791874, 4.794641]]"
1044.0,"[[45.722544, 4.921741], [45.719012, 4.920694], [45.72, 4.917], [45.720547, 4.916167], [45.721169, 4.917433]]"
1045.0,"[[45.720457, 4.898207], [45.72236, 4.896104], [45.721431, 4.898228]]"
1046.0,"[[45.748177, 4.812644], [45.747044, 4.81133], [45.747666, 4.810833], [45.749166, 4.8115], [45.750163, 4.812344]]"
1047.0,
1048.0,"[[45.80333, 4.860248], [45.802568, 4.858018], [45.803627, 4.857771], [45.803761, 4.858015], [45.803839, 4.858333], [45.803825, 4.858605]]"
1049.0,
1050.0,"[[45.71397, 4.899952], [45.71375, 4.901308], [45.712325, 4.902183], [45.712202, 4.902233], [45.713269, 4.900747]]"
1051.0,"[[45.769418, 4.783878], [45.7675, 4.783166], [45.768709, 4.781236]]"
1052.0,"[[45.730688, 4.857673], [45.72218, 4.854269], [45.722955, 4.852145], [45.732138, 4.850219], [45.734762, 4.853639], [45.733336, 4.856144]]"
1053.0,"[[45.756455, 4.913358], [45.756455, 4.912516], [45.75878, 4.913549], [45.759238, 4.915127], [45.756691, 4.914336], [45.756565, 4.91415]]"
1054.0,"[[45.783812, 4.785299], [45.786208, 4.783827], [45.785447, 4.785763], [45.784335, 4.785851]]"
1055.0,"[[45.780997, 4.820647], [45.783588, 4.81938], [45.782833, 4.82], [45.781594, 4.821002], [45.781088, 4.821283]]"
1056.0,"[[45.773899, 4.775855], [45.776091, 4.77431], [45.777722, 4.775683], [45.77776, 4.775748], [45.775859, 4.775969]]"
1057.0,"[[45.741546, 4.907047], [45.741755, 4.906488], [45.741651, 4.907455]]"
1058.0,"[[45.734138, 4.799636], [45.734494, 4.798344], [45.7375, 4.794722], [45.737222, 4.795555], [45.736333, 4.798], [45.736103, 4.798417]]"
1059.0,
1060.0,"[[45.723453, 4.901382], [45.721873, 4.900739], [45.7225, 4.9], [45.723963, 4.899923]]"
1061.0,
1062.0,"[[45.721666, 4.912766], [45.719152, 4.914005], [45.719905, 4.911708], [45.720163, 4.911088], [45.720847, 4.910633], [45.721436, 4.910636]]"
1063.0,"[[45.787, 4.8395], [45.784625, 4.836958], [45.786975, 4.83895], [45.787013, 4.839027]]"
1064.0,"[[45.721221, 4.879367], [45.720833, 4.880833], [45.720517, 4.880794], [45.719958, 4.878786], [45.719969, 4.878677], [45.719994, 4.878661]]"
1065.0,"[[45.760571, 4.797386], [45.762448, 4.797828], [45.761079, 4.799544]]"
1066.0,"[[45.704605, 4.813405], [45.704575, 4.813386], [45.704594, 4.813102], [45.70475, 4.813099]]"
1067.0,
1068.0,
1069.0,"[[45.783478, 4.782663], [45.78109, 4.783548], [45.78265, 4.78278]]"
1070.0,"[[45.764068, 4.781454], [45.765768, 4.779214], [45.765686, 4.779413], [45.764716, 4.781477], [45.764133, 4.782336]]"
1071.0,"[[45.740719, 4.792761], [45.73928, 4.79303], [45.740333, 4.791577], [45.740719, 4.792708]]"
1072.0,"[[45.810147, 4.842205], [45.811138, 4.842011], [45.81148, 4.842077], [45.811684, 4.842181], [45.811216, 4.842307], [45.810919, 4.842344]]"
1073.0,"[[45.770008, 4.890002], [45.772102, 4.888161], [45.772141, 4.888205], [45.773097, 4.891001], [45.771062, 4.891287]]"
1074.0,"[[45.716961, 4.882216], [45.715864, 4.884823], [45.714111, 4.8839], [45.713883, 4.882669], [45.714261, 4.882138], [45.715305, 4.880827], [45.715513, 4.880933]]"
1075.0,
1076.0,
1077.0,"[[45.784658, 4.898732], [45.785131, 4.899676], [45.784823, 4.899387]]"
1078.0,"[[45.766411, 4.910541], [45.766965, 4.910985], [45.767036, 4.913474], [45.766891, 4.913444], [45.766559, 4.911972]]"
1079.0,"[[45.791094, 4.845288], [45.7912, 4.845563], [45.790619, 4.846627], [45.790491, 4.84685], [45.790252, 4.84725], [45.78953, 4.847266], [45.790466, 4.845902]]"
1080.0,"[[45.797933, 4.866008], [45.8, 4.86667], [45.797994, 4.86643], [45.79785, 4.866158], [45.797855, 4.866124]]"
1081.0,"[[45.817644, 4.842024], [45.815204, 4.841994], [45.816008, 4.839369], [45.816925, 4.840208]]"
1082.0,
1084.0,"[[45.779, 4.872], [45.778666, 4.862833], [45.779849, 4.861361], [45.779975, 4.861308], [45.780525, 4.861158], [45.780858, 4.861493], [45.784681, 4.873595], [45.785384, 4.877296], [45.784168, 4.877677], [45.782698, 4.877586], [45.781232, 4.875923]]"
1085.0,"[[45.740508, 4.875852], [45.737758, 4.877111], [45.73807, 4.876359], [45.7386, 4.8759], [45.738833, 4.875833], [45.740438, 4.875702]]"
1086.0,"[[45.744592, 4.873313], [45.743089, 4.870902], [45.743441, 4.869105], [45.744523, 4.868123], [45.746773, 4.867651], [45.746941, 4.868808], [45.747257, 4.872005], [45.745286, 4.873311]]"
1087.0,"[[45.748777, 4.802081], [45.7505, 4.803333], [45.749444, 4.803859], [45.749259, 4.803646], [45.748916, 4.802589]]"
1088.0,"[[45.772341, 4.805407], [45.77294, 4.804736], [45.77565, 4.80331], [45.77656, 4.804262], [45.777066, 4.807825], [45.776933, 4.807866], [45.774984, 4.808133], [45.772847, 4.806797]]"
1089.0,"[[45.739884, 4.826184], [45.739255, 4.826431], [45.738641, 4.825519], [45.738604, 4.82542], [45.738417, 4.824907], [45.738641, 4.824843], [45.739819, 4.825161]]"
1090.0,"[[45.778819, 4.878755], [45.778343, 4.87794], [45.778411, 4.876352], [45.779194, 4.875322], [45.779438, 4.875016], [45.779722, 4.875], [45.780064, 4.875612], [45.780379, 4.87824], [45.779268, 4.878702], [45.778972, 4.878762]]"
1091.0,"[[45.725894, 4.830299], [45.728809, 4.83002], [45.729736, 4.830519], [45.729752, 4.83058], [45.728787, 4.831367], [45.727667, 4.8315], [45.726472, 4.831237]]"
1092.0,"[[45.734833, 4.839333], [45.736087, 4.835581], [45.73775, 4.834911], [45.738439, 4.834842], [45.739705, 4.834907], [45.739647, 4.837169], [45.737447, 4.841844], [45.737352, 4.841933], [45.736874, 4.84158]]"
1093.0,"[[45.745988, 4.845919], [45.742288, 4.840071], [45.742535, 4.839713], [45.745829, 4.839799], [45.746144, 4.839895], [45.749052, 4.841288], [45.7495, 4.841833], [45.74853, 4.844605], [45.746862, 4.846558]]"
1094.0,"[[45.724555, 4.825379], [45.721925, 4.825894], [45.723108, 4.822794], [45.723158, 4.822788], [45.723761, 4.823072], [45.724667, 4.824199], [45.724667, 4.8242]]"
1095.0,
1096.0,"[[45.767136, 4.88168], [45.764828, 4.880547], [45.765338, 4.878594], [45.765367, 4.878509], [45.765897, 4.877283], [45.769947, 4.877371], [45.773554, 4.878886], [45.773375, 4.879603], [45.772118, 4.880327]]"
1097.0,"[[45.760738, 4.815461], [45.763376, 4.814329], [45.76533, 4.814114], [45.766213, 4.81408], [45.766411, 4.814211], [45.766362, 4.815316], [45.7655, 4.818333], [45.765217, 4.818631], [45.761964, 4.816676], [45.761484, 4.816349]]"
1098.0,"[[45.765285, 4.812312], [45.762212, 4.814055], [45.761463, 4.813861], [45.760794, 4.81253], [45.76263, 4.810027], [45.763883, 4.809602], [45.764822, 4.809711]]"
1099.0,"[[45.74045, 4.838168], [45.741, 4.838999], [45.74094, 4.83923], [45.740551, 4.839391], [45.73926, 4.839548], [45.738394, 4.839187], [45.739603, 4.838575]]"
1100.0,"[[45.752183, 4.851602], [45.753817, 4.854454], [45.753787, 4.854787], [45.753716, 4.855545], [45.753288, 4.856414], [45.750823, 4.85571], [45.75061, 4.855363], [45.750684, 4.853253], [45.751091, 4.852141]]"
1101.0,"[[45.780349, 4.802076], [45.78204, 4.803632], [45.780722, 4.804744], [45.780139, 4.805064], [45.780106, 4.805075], [45.779214, 4.805079], [45.778833, 4.804667], [45.778386, 4.80358], [45.7785, 4.803166]]"
1102.0,"[[45.769065, 4.863015], [45.770285, 4.861562], [45.770868, 4.861664], [45.771377, 4.863488], [45.77143, 4.864277], [45.77032, 4.864364], [45.769304, 4.863392]]"
1103.0,"[[45.74654, 4.859212], [45.750313, 4.857394], [45.752118, 4.859969], [45.751856, 4.861181], [45.750872, 4.862821], [45.747627, 4.860963], [45.746847, 4.859808]]"
1104.0,"[[45.771264, 4.869174], [45.772305, 4.869633], [45.771047, 4.871143], [45.771, 4.871167], [45.770905, 4.870769], [45.770928, 4.870455], [45.771089, 4.869239]]"
1105.0,"[[45.741833, 4.881333], [45.74225, 4.877543], [45.74234, 4.877543], [45.74273, 4.877672], [45.744141, 4.878594], [45.743895, 4.879773]]"
1106.0,"[[45.768459, 4.875848], [45.768596, 4.875602], [45.7685, 4.875833], [45.76846, 4.875848]]"
1107.0,"[[45.773471, 4.804139], [45.773169, 4.802988], [45.773191, 4.802977], [45.773916, 4.80303], [45.774134, 4.803133], [45.774189, 4.803199], [45.774318, 4.803364], [45.774167, 4.804], [45.774003, 4.804093]]"
1108.0,"[[45.779189, 4.86822], [45.778666, 4.868833], [45.777969, 4.868377], [45.77763, 4.867655], [45.7777, 4.867029], [45.778485, 4.86662], [45.778552, 4.866694]]"
1109.0,"[[45.771212, 4.810069], [45.771002, 4.809179], [45.771092, 4.808878], [45.772204, 4.808164], [45.7725, 4.808008], [45.773345, 4.80787], [45.7737, 4.80839], [45.772552, 4.809377]]"
1110.0,"[[45.725909, 4.829217], [45.724636, 4.833984], [45.724292, 4.834123], [45.723873, 4.834145], [45.72227, 4.832761], [45.721918, 4.832289], [45.72206, 4.831194], [45.723843, 4.826645], [45.724053, 4.826238], [45.724447, 4.826171], [45.724869, 4.826283], [45.725909, 4.828938]]"
1111.0,"[[45.780772, 4.809188], [45.780613, 4.811816], [45.779666, 4.811666], [45.776711, 4.810472], [45.776677, 4.810044], [45.777475, 4.807872], [45.778611, 4.808055], [45.780394, 4.808492]]"
1112.0,"[[45.77216, 4.8179], [45.771841, 4.817107], [45.772731, 4.815509], [45.77296, 4.816217], [45.772787, 4.816697], [45.772427, 4.817588]]"
1113.0,"[[45.768136, 4.88736], [45.768466, 4.888627], [45.768416, 4.888761], [45.767594, 4.889001], [45.766624, 4.888776], [45.767594, 4.887627], [45.767838, 4.887449]]"
1114.0,"[[45.757333, 4.877666], [45.7564, 4.877725], [45.75605, 4.877214], [45.7555, 4.875833], [45.755666, 4.875666], [45.756, 4.876]]"
1115.0,"[[45.772073, 4.876792], [45.771728, 4.876899], [45.770381, 4.876502], [45.770232, 4.876309], [45.770089, 4.875743], [45.771362, 4.876191], [45.771888, 4.876613]]"
1116.0,"[[45.775148, 4.868981], [45.773491, 4.868504], [45.77365, 4.867123], [45.774175, 4.86678], [45.7753, 4.867177], [45.775908, 4.867922]]"
1117.0,"[[45.730086, 4.832922], [45.732291, 4.832036], [45.732588, 4.831988], [45.733646, 4.832139], [45.73535, 4.832688], [45.735594, 4.833819], [45.735646, 4.835046], [45.735211, 4.835775], [45.731273, 4.834907], [45.730094, 4.832938]]"
1118.0,"[[45.747241, 4.875504], [45.747177, 4.875515], [45.747252, 4.87425], [45.747258, 4.874183], [45.747261, 4.874175], [45.74745, 4.874138]]"
1119.0,"[[45.768833, 4.805], [45.769605, 4.806827], [45.769166, 4.807222], [45.768354, 4.806778], [45.7665, 4.80542], [45.766879, 4.805037]]"
1120.0,
1121.0,"[[45.78595, 4.834202], [45.785003, 4.832257], [45.785769, 4.8331], [45.785968, 4.83348]]"
1122.0,"[[45.750516, 4.88765], [45.750243, 4.889028], [45.749133, 4.888144], [45.749011, 4.887371], [45.750231, 4.886341], [45.750437, 4.887215]]"
1123.0,"[[45.763333, 4.807167], [45.762979, 4.808245], [45.762877, 4.808133], [45.762333, 4.806667], [45.762667, 4.806833]]"
1124.0,
1125.0,"[[45.770404, 4.81979], [45.772295, 4.818597], [45.773943, 4.820058], [45.774116, 4.820337], [45.774497, 4.821241], [45.774119, 4.822504], [45.772202, 4.822894], [45.770845, 4.822472]]"
1126.0,"[[45.776503, 4.7983], [45.778703, 4.798203], [45.777446, 4.798514]]"
1127.0,"[[45.777408, 4.803986], [45.776997, 4.803278], [45.777288, 4.801822], [45.777725, 4.801813], [45.778156, 4.80272], [45.778166, 4.802833], [45.778089, 4.803063], [45.777493, 4.803917]]"
1128.0,"[[45.782833, 4.805767], [45.783091, 4.806046], [45.782747, 4.80713], [45.782721, 4.807173], [45.782556, 4.807315], [45.780552, 4.807847], [45.781258, 4.806241]]"
1129.0,"[[45.75363, 4.867094], [45.754252, 4.866256], [45.755965, 4.866471], [45.75573, 4.866972], [45.75565, 4.867066], [45.754679, 4.867536], [45.753772, 4.867222]]"
1130.0,"[[45.765791, 4.875113], [45.765038, 4.874024], [45.76614, 4.873487], [45.766902, 4.873163], [45.767161, 4.874141]]"
1131.0,
1132.0,"[[45.78724, 4.859797], [45.787516, 4.856057], [45.788642, 4.858442], [45.78865, 4.859883], [45.78813, 4.860506], [45.787674, 4.860581]]"
1133.0,"[[45.745058, 4.847792], [45.745555, 4.8475], [45.74562, 4.847567], [45.74578, 4.849183], [45.745222, 4.849041], [45.74511, 4.848328]]"
1134.0,"[[45.748675, 4.861672], [45.749779, 4.863971], [45.748377, 4.864438], [45.748127, 4.864113], [45.748292, 4.862469]]"
1135.0,"[[45.767796, 4.802204], [45.768078, 4.800947], [45.769072, 4.801025], [45.769583, 4.802253], [45.768114, 4.803256]]"
1136.0,"[[45.731441, 4.837722], [45.733055, 4.838611], [45.731669, 4.840893], [45.731111, 4.841666], [45.730555, 4.841666], [45.73, 4.840833], [45.729722, 4.839166], [45.730085, 4.838848]]"
1137.0,"[[45.742519, 4.853816], [45.744601, 4.852738], [45.745697, 4.853208], [45.746623, 4.854253], [45.746572, 4.854936], [45.745786, 4.855502], [45.744913, 4.855955], [45.743456, 4.856117], [45.742116, 4.855099], [45.742125, 4.854555]]"
1138.0,"[[45.776563, 4.816882], [45.775564, 4.817649], [45.774482, 4.817113], [45.774083, 4.815594], [45.77532, 4.815294], [45.776274, 4.816018]]"
1139.0,"[[45.792869, 4.82103], [45.791916, 4.819605], [45.792094, 4.819205], [45.7925, 4.819444], [45.792866, 4.820136], [45.792873, 4.820197], [45.792888, 4.820352]]"
1140.0,"[[45.775573, 4.8626], [45.775736, 4.86352], [45.774761, 4.863456], [45.773547, 4.862662], [45.774624, 4.862158], [45.774643, 4.862152]]"
1141.0,"[[45.754319, 4.813594], [45.753858, 4.812808], [45.754341, 4.811679], [45.75451, 4.811325], [45.755539, 4.811743], [45.7557, 4.812374], [45.755618, 4.813889], [45.755205, 4.814093]]"
1142.0,"[[45.747012, 4.866167], [45.747875, 4.864429], [45.747677, 4.866316], [45.747184, 4.867018]]"
1143.0,"[[45.773819, 4.814125], [45.772673, 4.812574], [45.77348, 4.811797], [45.774059, 4.811754], [45.774587, 4.811829], [45.775, 4.812222], [45.775104, 4.812592], [45.774722, 4.813888], [45.774672, 4.814044], [45.774572, 4.814221], [45.77443, 4.814318]]"
1144.0,"[[45.784841, 4.812855], [45.785238, 4.811197], [45.787404, 4.811764], [45.787494, 4.812883], [45.785788, 4.813653]]"
1145.0,"[[45.740693, 4.833984], [45.739753, 4.833422], [45.740059, 4.832505]]"
1146.0,"[[45.732802, 4.877161], [45.734027, 4.877233], [45.733611, 4.878191], [45.733472, 4.878158], [45.733425, 4.878141], [45.733322, 4.878019]]"
1147.0,"[[45.755187, 4.816045], [45.755277, 4.814755], [45.75661, 4.814811], [45.757411, 4.815388], [45.756632, 4.816796], [45.755337, 4.816244]]"
1148.0,"[[45.748128, 4.880343], [45.748592, 4.878762], [45.748584, 4.878841], [45.748252, 4.88056]]"
1149.0,"[[45.724757, 4.841558], [45.725588, 4.838833], [45.726247, 4.840346], [45.725888, 4.842342]]"
1150.0,"[[45.759, 4.889333], [45.758166, 4.890833], [45.757568, 4.890772], [45.757167, 4.889167], [45.757667, 4.888833], [45.757833, 4.888833]]"
1151.0,
1152.0,"[[45.768929, 4.881877], [45.76914, 4.882329], [45.76878, 4.884248], [45.767358, 4.884302], [45.768591, 4.88208]]"
1153.0,"[[45.755936, 4.861663], [45.755202, 4.863016], [45.753189, 4.862147], [45.752727, 4.861622], [45.753105, 4.860713], [45.753922, 4.860697]]"
1154.0,"[[45.773516, 4.793408], [45.773943, 4.792613], [45.774033, 4.793397], [45.773841, 4.793647], [45.773541, 4.793827]]"
1155.0,"[[45.75262, 4.87927], [45.752286, 4.878425], [45.752308, 4.878063], [45.752754, 4.876588], [45.753323, 4.876867], [45.753333, 4.878333]]"
1156.0,"[[45.746677, 4.853916], [45.747836, 4.854755], [45.748161, 4.855686], [45.74718, 4.854775]]"
1157.0,"[[45.770486, 4.87353], [45.77107, 4.872361], [45.772009, 4.8722], [45.772477, 4.872221], [45.771908, 4.873573], [45.771556, 4.873643], [45.770576, 4.873563]]"
1158.0,
1159.0,"[[45.777543, 4.822386], [45.777797, 4.824958], [45.77767, 4.825851], [45.776258, 4.824028], [45.776742, 4.822461]]"
1160.0,
1161.0,"[[45.757613, 4.812902], [45.756969, 4.812076], [45.757597, 4.811336], [45.757691, 4.811286], [45.758088, 4.811383], [45.759052, 4.811676], [45.759019, 4.812642], [45.758055, 4.813236]]"
1162.0,"[[45.761284, 4.873208], [45.762608, 4.872092], [45.76313, 4.872422], [45.76369, 4.873466], [45.762837, 4.874078]]"
1163.0,"[[45.757163, 4.875436], [45.756166, 4.874166], [45.757008, 4.872811], [45.7574, 4.872711], [45.758653, 4.872436]]"
1164.0,"[[45.738611, 4.840555], [45.739844, 4.840241], [45.7399, 4.840544], [45.739911, 4.840722], [45.7399, 4.84073], [45.739894, 4.840733], [45.73985, 4.840752], [45.738761, 4.840611]]"
1165.0,"[[45.750633, 4.874133], [45.751288, 4.873002], [45.752363, 4.872441], [45.752094, 4.873269], [45.751777, 4.873633], [45.750812, 4.87426], [45.750705, 4.874219]]"
1166.0,"[[45.730511, 4.83073], [45.730747, 4.830088], [45.731175, 4.829759], [45.731441, 4.829758], [45.731812, 4.830894], [45.731885, 4.831525], [45.731722, 4.831495]]"
1167.0,"[[45.776338, 4.795424], [45.777266, 4.795241], [45.776359, 4.795997]]"
1168.0,"[[45.730617, 4.827782], [45.730499, 4.828], [45.729891, 4.828183], [45.729875, 4.827883], [45.729865, 4.827193], [45.72991, 4.827203], [45.730381, 4.827483]]"
1169.0,"[[45.725221, 4.834821], [45.726611, 4.83483], [45.726225, 4.836183]]"
1170.0,"[[45.791653, 4.860748], [45.790988, 4.861363], [45.790583, 4.860611], [45.79023, 4.85983], [45.790672, 4.859677], [45.790894, 4.859852]]"
1171.0,"[[45.754911, 4.820358], [45.755262, 4.820208], [45.755322, 4.820337], [45.755741, 4.822053], [45.755749, 4.822236], [45.755329, 4.8223], [45.755, 4.822222], [45.754626, 4.822032], [45.754408, 4.821496], [45.754337, 4.821318], [45.754467, 4.821081]]"
1172.0,"[[45.764521, 4.849798], [45.764527, 4.858292], [45.764502, 4.858577], [45.760561, 4.863755], [45.760191, 4.863786], [45.759982, 4.863563], [45.757544, 4.860397], [45.758803, 4.847298], [45.758915, 4.846751], [45.760141, 4.845744], [45.76167, 4.844627], [45.761752, 4.844647], [45.762238, 4.845398], [45.763735, 4.8482]]"
1174.0,"[[45.758705, 4.867479], [45.75925, 4.867472], [45.75945, 4.867658], [45.759461, 4.868069], [45.758872, 4.867681]]"
1176.0,"[[45.74785, 4.827803], [45.748916, 4.827447], [45.749049, 4.828212], [45.749049, 4.828555], [45.748861, 4.828823], [45.748008, 4.828695], [45.747872, 4.828422]]"
1177.0,"[[45.767662, 4.854525], [45.768136, 4.85454], [45.768244, 4.854808], [45.76825, 4.854994], [45.76825, 4.855019], [45.767952, 4.855227], [45.767866, 4.855272], [45.767708, 4.855211]]"
1178.0,"[[45.767222, 4.857777], [45.76863, 4.858832], [45.76755, 4.860283], [45.767512, 4.860312], [45.766258, 4.859937], [45.766138, 4.859701], [45.766174, 4.859318], [45.766288, 4.858542], [45.767, 4.857833]]"
1179.0,"[[45.75077, 4.842358], [45.751236, 4.841613], [45.752338, 4.842152], [45.7525, 4.843082], [45.752562, 4.844243], [45.752562, 4.844244], [45.752073, 4.844856], [45.752006, 4.844938], [45.751612, 4.845356], [45.750872, 4.845099], [45.750628, 4.84423], [45.750628, 4.843801]]"
1180.0,"[[45.768856, 4.81715], [45.769206, 4.816979], [45.769362, 4.8172], [45.769169, 4.818084], [45.769061, 4.818159], [45.769, 4.818]]"
1181.0,"[[45.777475, 4.859763], [45.776263, 4.85964], [45.776688, 4.859408], [45.777477, 4.859319], [45.777527, 4.859469]]"
1183.0,"[[45.769244, 4.851369], [45.769364, 4.850807], [45.769842, 4.851568], [45.769435, 4.851483]]"
1184.0,"[[45.75485, 4.847022], [45.753669, 4.847752], [45.753488, 4.847717], [45.752006, 4.846177], [45.751893, 4.845592], [45.754289, 4.846301], [45.754652, 4.84673]]"
1185.0,"[[45.783833, 4.861166], [45.783352, 4.860133], [45.784175, 4.859888], [45.784707, 4.860012], [45.784766, 4.860883]]"
1186.0,"[[45.777341, 4.837213], [45.776992, 4.837803], [45.775762, 4.837471], [45.775522, 4.836893], [45.775818, 4.835647], [45.776383, 4.835346], [45.776802, 4.835743], [45.777184, 4.836108], [45.777237, 4.83627]]"
1187.0,"[[45.771848, 4.825379], [45.771666, 4.824722], [45.771886, 4.8245], [45.77202, 4.824489], [45.772116, 4.824578], [45.771998, 4.825122], [45.771983, 4.825176]]"
1188.0,"[[45.775581, 4.858424], [45.775727, 4.859111], [45.775653, 4.859648], [45.775438, 4.859816], [45.774947, 4.858933], [45.774944, 4.858927], [45.774866, 4.858766], [45.775414, 4.858489]]"
1189.0,"[[45.770381, 4.841398], [45.769857, 4.841001], [45.770194, 4.840505], [45.770741, 4.840207], [45.770951, 4.840207], [45.771399, 4.840443], [45.771167, 4.841107]]"
1190.0,"[[45.766662, 4.820187], [45.766699, 4.817955], [45.766833, 4.817666], [45.766939, 4.817504], [45.768166, 4.816067], [45.768417, 4.816899], [45.7688, 4.818408], [45.76875, 4.820251], [45.768189, 4.821431], [45.768041, 4.821547], [45.767997, 4.821547], [45.766786, 4.821277]]"
1191.0,"[[45.7725, 4.839833], [45.773592, 4.840947], [45.773592, 4.84114], [45.773166, 4.841666], [45.772388, 4.841608], [45.771833, 4.841166], [45.771863, 4.840775]]"
1192.0,"[[45.75323, 4.840148], [45.753525, 4.840196], [45.753502, 4.840266], [45.753361, 4.840207]]"
1193.0,"[[45.727736, 4.816238], [45.727333, 4.815101], [45.727977, 4.815477], [45.728, 4.8155], [45.728022, 4.815552], [45.727983, 4.815662]]"
1194.0,"[[45.767927, 4.8442], [45.767874, 4.844037], [45.768076, 4.843854], [45.769023, 4.84336], [45.769444, 4.843525], [45.769581, 4.843661], [45.769693, 4.843875], [45.769483, 4.844723], [45.769272, 4.844908], [45.769252, 4.844916], [45.769222, 4.844927], [45.769141, 4.84495], [45.768636, 4.845052]]"
1195.0,"[[45.771309, 4.845818], [45.771163, 4.845138], [45.771411, 4.845294], [45.771582, 4.845582], [45.771588, 4.845657], [45.771444, 4.845753]]"
1196.0,"[[45.73161, 4.823952], [45.731938, 4.825147], [45.731713, 4.825356], [45.731311, 4.825658], [45.729666, 4.825519], [45.729013, 4.825327], [45.729, 4.824963], [45.729161, 4.824455], [45.729375, 4.82403], [45.729596, 4.823825], [45.729797, 4.823672], [45.730344, 4.823641]]"
1197.0,"[[45.732508, 4.823663], [45.727685, 4.818534], [45.72795, 4.818002], [45.731782, 4.817086], [45.733038, 4.816969], [45.734166, 4.8175], [45.734598, 4.818277], [45.734395, 4.819189], [45.733611, 4.821944], [45.732833, 4.823833]]"
1198.0,"[[45.765801, 4.845571], [45.7661, 4.844945], [45.766388, 4.846388], [45.766276, 4.846376], [45.766, 4.846333], [45.765808, 4.845855]]"
1199.0,"[[45.750426, 4.849991], [45.75, 4.85], [45.75, 4.849999], [45.750594, 4.849864]]"
1200.0,"[[45.77868, 4.828287], [45.7775, 4.828833], [45.777581, 4.827504], [45.777797, 4.827455], [45.778333, 4.8275]]"
1201.0,"[[45.77699, 4.834534], [45.776709, 4.833791], [45.776838, 4.832354], [45.776907, 4.832214], [45.777303, 4.831945], [45.777625, 4.831988], [45.777697, 4.832148], [45.777715, 4.832192], [45.777805, 4.833447], [45.777659, 4.834162]]"
1202.0,"[[45.753056, 4.822096], [45.75241, 4.822332], [45.75213, 4.821989], [45.752061, 4.8219], [45.752705, 4.821758]]"
1203.0,"[[45.754173, 4.840657], [45.754333, 4.8405], [45.755033, 4.84084], [45.754794, 4.84153], [45.754636, 4.841919], [45.754625, 4.841938], [45.7546, 4.841891], [45.754206, 4.841046]]"
1204.0,"[[45.736361, 4.81788], [45.736958, 4.817611], [45.737602, 4.817783], [45.737944, 4.818094], [45.737983, 4.81815], [45.738, 4.81818], [45.738093, 4.819264], [45.738057, 4.81965], [45.738, 4.819833], [45.737294, 4.819816], [45.73653, 4.818599]]"
1205.0,"[[45.746952, 4.836709], [45.746421, 4.835894], [45.746698, 4.835572], [45.747611, 4.835121], [45.74783, 4.835919]]"
1206.0,"[[45.764305, 4.859286], [45.764408, 4.859591], [45.764386, 4.859875], [45.763816, 4.860041], [45.763544, 4.859815], [45.763283, 4.859427], [45.763547, 4.859259]]"
1207.0,"[[45.744561, 4.835955], [45.745012, 4.835786], [45.745268, 4.836087], [45.745013, 4.836151]]"
1208.0,"[[45.769851, 4.815208], [45.768795, 4.814672], [45.768866, 4.814391], [45.76923, 4.813963], [45.76945, 4.813883], [45.770127, 4.814028], [45.770321, 4.814339], [45.770258, 4.814669]]"
1209.0,"[[45.770215, 4.813776], [45.76925, 4.812469], [45.769347, 4.812347], [45.77062, 4.81231], [45.770686, 4.812322], [45.770655, 4.81348]]"
1210.0,"[[45.759993, 4.845034], [45.760237, 4.844648], [45.760412, 4.845399], [45.760285, 4.845668], [45.760166, 4.845666]]"
1211.0,"[[45.756166, 4.852666], [45.756168, 4.852856], [45.755973, 4.853037], [45.755813, 4.853077], [45.756, 4.852666]]"
1212.0,"[[45.781157, 4.83246], [45.78091, 4.832686], [45.780555, 4.832222], [45.7805, 4.832], [45.780558, 4.83194], [45.780833, 4.831944], [45.781015, 4.832117]]"
1213.0,"[[45.757403, 4.853264], [45.758346, 4.854004], [45.757586, 4.855027], [45.757144, 4.85473], [45.757052, 4.854443], [45.756988, 4.854241], [45.757044, 4.853382]]"
1214.0,"[[45.767752, 4.857186], [45.767564, 4.857941], [45.766609, 4.857394], [45.766522, 4.857116], [45.766609, 4.856708], [45.767222, 4.855833], [45.767717, 4.856514]]"
1215.0,"[[45.750277, 4.820538], [45.750366, 4.819146], [45.750714, 4.819328], [45.751145, 4.819747], [45.751055, 4.820165], [45.750883, 4.820459], [45.750314, 4.820541]]"
1216.0,"[[45.767328, 4.822847], [45.767957, 4.822176], [45.768297, 4.822075], [45.768892, 4.822247], [45.76826, 4.823507], [45.768048, 4.823801], [45.767852, 4.823727], [45.767388, 4.823405]]"
1217.0,"[[45.746323, 4.830808], [45.746323, 4.831967], [45.746009, 4.831924], [45.745333, 4.831001], [45.7455, 4.830811]]"
1218.0,"[[45.765633, 4.856552], [45.765854, 4.855613], [45.765891, 4.85565], [45.766325, 4.856236], [45.766333, 4.856333], [45.76616, 4.856793], [45.766004, 4.856772]]"
1219.0,"[[45.777715, 4.831784], [45.778186, 4.831634], [45.778667, 4.831667], [45.778686, 4.832244], [45.778513, 4.832311], [45.777767, 4.831988]]"
1220.0,"[[45.773637, 4.841772], [45.77373, 4.841151], [45.774273, 4.84098], [45.774729, 4.841784], [45.774752, 4.841923], [45.77413, 4.842113], [45.774003, 4.842126]]"
1221.0,"[[45.778455, 4.842434], [45.779, 4.842], [45.778718, 4.842717], [45.778613, 4.842739]]"
1222.0,"[[45.769176, 4.849585], [45.769019, 4.848813], [45.769034, 4.848811], [45.770062, 4.848809], [45.769536, 4.849414]]"
1223.0,"[[45.728861, 4.815691], [45.731132, 4.81411], [45.731025, 4.814994], [45.730183, 4.816116], [45.729502, 4.816169], [45.728872, 4.815702]]"
1224.0,"[[45.75584, 4.827622], [45.755457, 4.828362], [45.755382, 4.828362], [45.755261, 4.827613], [45.755839, 4.827107]]"
1225.0,"[[45.764495, 4.849519], [45.765977, 4.849997], [45.765777, 4.850905], [45.765002, 4.850538], [45.764579, 4.850196]]"
1226.0,"[[45.72881, 4.821749], [45.72846, 4.821506], [45.728479, 4.821281], [45.728576, 4.821227]]"
1227.0,"[[45.756011, 4.818352], [45.756063, 4.817821], [45.756071, 4.817912], [45.756018, 4.818395]]"
1228.0,"[[45.764476, 4.83025], [45.7649, 4.829994], [45.764833, 4.8305], [45.76448, 4.830577]]"
1229.0,"[[45.764691, 4.861941], [45.7644, 4.861617], [45.765176, 4.861396], [45.765438, 4.861524], [45.765666, 4.861666]]"
1230.0,"[[45.768488, 4.821208], [45.768772, 4.820591], [45.768825, 4.820519], [45.769, 4.8205], [45.769166, 4.821], [45.769266, 4.821764], [45.769251, 4.822204], [45.769072, 4.82215], [45.768763, 4.821886]]"
1231.0,"[[45.758891, 4.865238], [45.759177, 4.864316], [45.759961, 4.865166], [45.759961, 4.865511], [45.7598, 4.865894], [45.759188, 4.865563]]"
1232.0,"[[45.747926, 4.82715], [45.747379, 4.828233], [45.747332, 4.828202], [45.746211, 4.827212], [45.746379, 4.826449], [45.746834, 4.82569], [45.747177, 4.825916], [45.747847, 4.826786]]"
1233.0,"[[45.749655, 4.846202], [45.750052, 4.846691], [45.749317, 4.848113], [45.748961, 4.848172], [45.748751, 4.848004], [45.749291, 4.846547]]"
1234.0,"[[45.746084, 4.816324], [45.746024, 4.816528], [45.745702, 4.816614], [45.74532, 4.8167], [45.745492, 4.816088], [45.745625, 4.815897], [45.745994, 4.816088]]"
1235.0,"[[45.771197, 4.815026], [45.770509, 4.814693], [45.770636, 4.814372], [45.77077, 4.814243], [45.770833, 4.814286], [45.771313, 4.814801]]"
1236.0,"[[45.757168, 4.859334], [45.7565, 4.859166], [45.7565, 4.858833], [45.7575, 4.858166], [45.757747, 4.858102], [45.757964, 4.858349]]"
1237.0,"[[45.769132, 4.823598], [45.768922, 4.823148], [45.769124, 4.822762], [45.769476, 4.822751], [45.769521, 4.822847]]"
1238.0,"[[45.754835, 4.858802], [45.754341, 4.859046], [45.754447, 4.85875]]"
1239.0,"[[45.751601, 4.839241], [45.751261, 4.840263], [45.750586, 4.840116], [45.750472, 4.839863], [45.750729, 4.839264], [45.751145, 4.838951], [45.751349, 4.838814]]"
1240.0,"[[45.765135, 4.851375], [45.764606, 4.851854], [45.764672, 4.851719]]"
1241.0,"[[45.777971, 4.843876], [45.778225, 4.843177], [45.778408, 4.843241], [45.778772, 4.843633], [45.778555, 4.844013], [45.778201, 4.844069]]"
1242.0,"[[45.758298, 4.865674], [45.758301, 4.865707], [45.758181, 4.865806], [45.757807, 4.866043], [45.757916, 4.865934]]"
1243.0,"[[45.778812, 4.840771], [45.77807, 4.839702], [45.778351, 4.839788], [45.779391, 4.840239]]"
1244.0,"[[45.755569, 4.847588], [45.755997, 4.847062], [45.756115, 4.847449], [45.755922, 4.847642]]"
1245.0,"[[45.754757, 4.823433], [45.755569, 4.823437], [45.7556, 4.823708], [45.75563, 4.824302], [45.755547, 4.824532], [45.75525, 4.824373], [45.754746, 4.82406], [45.754588, 4.823942], [45.754219, 4.823605], [45.75423, 4.823533]]"
1246.0,"[[45.775667, 4.845167], [45.775259, 4.845026], [45.7755, 4.8445], [45.775667, 4.844333], [45.775833, 4.8445], [45.776, 4.844833], [45.776111, 4.845105]]"
1247.0,"[[45.768383, 4.848661], [45.768616, 4.849141], [45.768519, 4.849486], [45.768444, 4.849555], [45.768055, 4.849883], [45.767849, 4.849838], [45.767727, 4.849172], [45.767934, 4.84879]]"
1248.0,"[[45.766879, 4.854251], [45.767283, 4.8546], [45.766722, 4.854937], [45.766597, 4.85483], [45.766593, 4.854818], [45.766616, 4.854755]]"
1249.0,"[[45.7505, 4.831166], [45.75008, 4.830194], [45.750231, 4.829918], [45.751167, 4.8305]]"
1250.0,"[[45.744654, 4.823631], [45.744563, 4.822611], [45.744736, 4.82244], [45.744848, 4.822397], [45.745018, 4.822511], [45.745777, 4.823094], [45.74584, 4.82326], [45.745472, 4.82348], [45.744901, 4.823759]]"
1251.0,"[[45.76375, 4.842395], [45.764102, 4.842716], [45.763666, 4.843666], [45.763616, 4.843736], [45.763577, 4.843761], [45.763051, 4.843119], [45.763017, 4.84291], [45.763181, 4.84261]]"
1252.0,"[[45.779563, 4.827589], [45.780055, 4.82806], [45.779722, 4.828055]]"
1253.0,"[[45.758841, 4.816961], [45.758518, 4.816582], [45.758526, 4.816539], [45.758888, 4.815833], [45.759055, 4.815822], [45.759027, 4.816247], [45.758938, 4.816957]]"
1254.0,"[[45.779466, 4.835346], [45.779271, 4.834606], [45.780166, 4.835], [45.780259, 4.835196]]"
1255.0,"[[45.744319, 4.819322], [45.744309, 4.819006], [45.744505, 4.818506], [45.744732, 4.818116], [45.744916, 4.817998], [45.745275, 4.818212], [45.74512, 4.818742], [45.744661, 4.819661], [45.744601, 4.819672], [45.744508, 4.819597]]"
1256.0,"[[45.770041, 4.845818], [45.770546, 4.845721], [45.7705, 4.845833], [45.770333, 4.845833]]"
1257.0,"[[45.747372, 4.818556], [45.746955, 4.81803], [45.747415, 4.817831], [45.74778, 4.817674], [45.748138, 4.817938], [45.747888, 4.818466]]"
1258.0,"[[45.750014, 4.847872], [45.75098, 4.847663], [45.750972, 4.848388], [45.750239, 4.848814], [45.750027, 4.848011]]"
1259.0,"[[45.775867, 4.838018], [45.775784, 4.838544], [45.7755, 4.838666], [45.775288, 4.838629], [45.775111, 4.837975], [45.77529, 4.837814]]"
1260.0,"[[45.76899, 4.852437], [45.769603, 4.852201], [45.769597, 4.852855], [45.769286, 4.852663]]"
1261.0,"[[45.755194, 4.829663], [45.755069, 4.829502], [45.7553, 4.829118], [45.75553, 4.82905], [45.756018, 4.828909], [45.755898, 4.829306], [45.755638, 4.829627]]"
1262.0,"[[45.776518, 4.834949], [45.77666, 4.83451], [45.777236, 4.834767], [45.777247, 4.835067], [45.777191, 4.835067]]"
1263.0,"[[45.777719, 4.836623], [45.777981, 4.83681], [45.777887, 4.837557], [45.777801, 4.837359], [45.777733, 4.837102]]"
1264.0,"[[45.771082, 4.811844], [45.771392, 4.811448], [45.771799, 4.811979], [45.771354, 4.812017]]"
1265.0,"[[45.762403, 4.854691], [45.762833, 4.854833], [45.762691, 4.854792]]"
1266.0,
1267.0,"[[45.749962, 4.832418], [45.750052, 4.83183], [45.750595, 4.831938], [45.750612, 4.83195], [45.75092, 4.832332], [45.7509, 4.832508], [45.750466, 4.832844]]"
1268.0,
1269.0,
1270.0,"[[45.736739, 4.81361], [45.736813, 4.812811], [45.737075, 4.812775], [45.737451, 4.813181], [45.737503, 4.813256], [45.736877, 4.813563]]"
1271.0,"[[45.7575, 4.843157], [45.756528, 4.844112], [45.75661, 4.842817]]"
1272.0,
1273.0,"[[45.747894, 4.837755], [45.748438, 4.837283], [45.748486, 4.837625], [45.748425, 4.837874]]"
1274.0,"[[45.746076, 4.834949], [45.745925, 4.834808], [45.745966, 4.834788]]"
1275.0,"[[45.763252, 4.855297], [45.762958, 4.855011], [45.763137, 4.854884], [45.763263, 4.854847], [45.763391, 4.854925], [45.763344, 4.855286]]"
1276.0,"[[45.756909, 4.852169], [45.756819, 4.851332], [45.756946, 4.850989], [45.757448, 4.851129], [45.757191, 4.851972], [45.757166, 4.852]]"
1277.0,"[[45.740136, 4.813013], [45.739741, 4.813294], [45.739397, 4.813236], [45.739218, 4.813127], [45.739208, 4.812983], [45.739213, 4.812977], [45.739516, 4.812661], [45.740105, 4.8128]]"
1278.0,"[[45.737566, 4.813499], [45.738207, 4.813181], [45.738155, 4.81338], [45.73785, 4.813452]]"
1279.0,"[[45.744033, 4.830611], [45.744141, 4.831252], [45.743813, 4.831222], [45.7438, 4.831211], [45.743683, 4.8311], [45.743722, 4.830927], [45.743766, 4.830794], [45.743838, 4.830622], [45.743941, 4.830602]]"
1280.0,"[[45.77391, 4.836806], [45.773943, 4.834874], [45.774136, 4.834105], [45.774497, 4.833297], [45.774611, 4.833197], [45.774819, 4.833415], [45.774931, 4.833573], [45.775605, 4.834553], [45.775208, 4.835937], [45.774789, 4.83657], [45.774422, 4.836784], [45.774333, 4.836833]]"
1283.0,"[[45.757029, 4.837524], [45.760247, 4.838898], [45.760442, 4.839305], [45.760524, 4.840351], [45.760517, 4.840528], [45.760427, 4.841065], [45.760319, 4.841155], [45.760086, 4.841191], [45.756069, 4.841269], [45.755562, 4.840593], [45.755487, 4.840464], [45.755335, 4.839402], [45.755318, 4.839191], [45.755502, 4.83893], [45.755651, 4.838747], [45.756587, 4.837814], [45.756789, 4.837653], [45.756924, 4.837567]]"
1285.0,"[[45.751183, 4.823133], [45.751455, 4.82306], [45.751498, 4.823212], [45.751399, 4.823255]]"
1286.0,"[[45.754529, 4.838243], [45.754469, 4.838007], [45.754638, 4.838048], [45.754873, 4.838232], [45.754843, 4.838265], [45.754723, 4.83834], [45.754678, 4.838329]]"
1287.0,"[[45.759238, 4.820238], [45.759175, 4.821691], [45.758608, 4.822], [45.758271, 4.821957], [45.757897, 4.821581], [45.757837, 4.821345], [45.757741, 4.820911], [45.757781, 4.820873], [45.759025, 4.820158], [45.759138, 4.820155]]"
1288.0,"[[45.749261, 4.826516], [45.749393, 4.826238], [45.74973, 4.826034], [45.749835, 4.826152], [45.750067, 4.826538], [45.750201, 4.82686], [45.750249, 4.827266], [45.7502, 4.827289], [45.74982, 4.827311], [45.749535, 4.827085], [45.74949, 4.827005]]"
1289.0,"[[45.76033, 4.818888], [45.760951, 4.820176], [45.760497, 4.820963], [45.760197, 4.821084], [45.759613, 4.820911], [45.759469, 4.82083], [45.758593, 4.820165], [45.7585, 4.819833], [45.7585, 4.819667], [45.758676, 4.819006], [45.759588, 4.818766], [45.759913, 4.818702]]"
1290.0,"[[45.753383, 4.828609], [45.754019, 4.829703], [45.753987, 4.829829], [45.753698, 4.829789], [45.753125, 4.829574], [45.752335, 4.829113], [45.752408, 4.828766], [45.75246, 4.828698], [45.753025, 4.828602]]"
1291.0,"[[45.75278, 4.835052], [45.753982, 4.837642], [45.753653, 4.83805], [45.753333, 4.838055], [45.752956, 4.837975], [45.751869, 4.837059], [45.751591, 4.836661], [45.751594, 4.836237], [45.752238, 4.835411], [45.752545, 4.83511]]"
1292.0,"[[45.753331, 4.827418], [45.753316, 4.827064], [45.753578, 4.82672], [45.753918, 4.82649], [45.753981, 4.826547], [45.754214, 4.827268], [45.754173, 4.827316], [45.753728, 4.827729], [45.75348, 4.827826], [45.753465, 4.827804]]"
1293.0,"[[45.773509, 4.831924], [45.774166, 4.8305], [45.774269, 4.830352], [45.774466, 4.830418], [45.774662, 4.830661], [45.775186, 4.831865], [45.775133, 4.832214], [45.774777, 4.833136], [45.774447, 4.8331], [45.774394, 4.833063], [45.774288, 4.83297], [45.773536, 4.832031]]"
1294.0,"[[45.768488, 4.8395], [45.76851, 4.839262], [45.76863, 4.839102], [45.768705, 4.839026], [45.768775, 4.83943], [45.768844, 4.83993], [45.768836, 4.839936], [45.768563, 4.839692]]"
1295.0,"[[45.750264, 4.8352], [45.750097, 4.834928], [45.750175, 4.83468], [45.750716, 4.834833], [45.750783, 4.834855], [45.751666, 4.8355], [45.751705, 4.835836], [45.751601, 4.836205], [45.751405, 4.836233], [45.751227, 4.836258]]"
1296.0,"[[45.751175, 4.827105], [45.752016, 4.828425], [45.751564, 4.828609], [45.751534, 4.828619], [45.750655, 4.828433], [45.750411, 4.828369], [45.750355, 4.828244], [45.750205, 4.827716], [45.750194, 4.827404], [45.750374, 4.827117]]"
1297.0,"[[45.7722, 4.829322], [45.772488, 4.829033], [45.772649, 4.829038], [45.772679, 4.82921], [45.772635, 4.829349], [45.772477, 4.829564], [45.772211, 4.829344]]"
1298.0,"[[45.768833, 4.842166], [45.768611, 4.842499], [45.768244, 4.842361], [45.768213, 4.842341], [45.768188, 4.842288], [45.767819, 4.841035], [45.767858, 4.840447], [45.768544, 4.839975], [45.768668, 4.83996], [45.769015, 4.840513], [45.768944, 4.841236]]"
1299.0,"[[45.763052, 4.819577], [45.763194, 4.818838], [45.763316, 4.818861], [45.763383, 4.819155], [45.763333, 4.8195]]"
1300.0,"[[45.762939, 4.841108], [45.763263, 4.838722], [45.763563, 4.838329], [45.763737, 4.838146], [45.764, 4.8385], [45.765041, 4.841202], [45.765046, 4.841561], [45.764791, 4.841805], [45.764694, 4.841797], [45.76365, 4.841505], [45.763347, 4.841416]]"
1301.0,"[[45.765105, 4.837921], [45.765374, 4.837353], [45.765464, 4.83735], [45.765517, 4.837353], [45.765711, 4.837481], [45.766135, 4.83844], [45.766147, 4.838494], [45.766155, 4.838563], [45.766155, 4.83858], [45.765994, 4.838713], [45.765555, 4.838888], [45.765457, 4.838898], [45.765333, 4.838833], [45.765175, 4.838608], [45.765113, 4.838426]]"
1302.0,"[[45.755244, 4.830816], [45.755184, 4.830572], [45.755195, 4.830521], [45.755243, 4.830433], [45.755344, 4.830379], [45.755449, 4.830358], [45.755813, 4.830488], [45.755928, 4.830636], [45.756115, 4.830991], [45.756051, 4.831151]]"
1303.0,"[[45.770988, 4.828287], [45.771032, 4.827917], [45.771556, 4.828008], [45.771428, 4.828221], [45.771274, 4.828441], [45.77108, 4.828552]]"
1304.0,"[[45.76353, 4.83378], [45.763829, 4.833989], [45.763694, 4.834322], [45.763127, 4.835016], [45.762987, 4.834949], [45.762384, 4.834542], [45.762333, 4.834499], [45.762312, 4.834147], [45.762702, 4.833909]]"
1305.0,"[[45.764982, 4.840925], [45.765464, 4.838994], [45.765577, 4.839091], [45.76655, 4.840786], [45.766333, 4.841166], [45.766011, 4.841558], [45.765801, 4.841558], [45.765734, 4.841548], [45.765562, 4.841494], [45.765436, 4.841433], [45.765175, 4.841236]]"
1306.0,"[[45.760682, 4.843297], [45.760527, 4.84305], [45.760538, 4.842819], [45.760552, 4.842636], [45.760844, 4.842544], [45.761153, 4.842727], [45.761233, 4.842866], [45.760796, 4.843243]]"
1307.0,"[[45.76015, 4.838511], [45.759948, 4.838081], [45.759975, 4.837877], [45.760105, 4.837763], [45.760442, 4.837932], [45.760532, 4.838061], [45.760577, 4.838147], [45.76039, 4.83836], [45.760238, 4.838475]]"
1308.0,"[[45.764876, 4.823186], [45.764948, 4.823083], [45.765045, 4.82303], [45.765255, 4.823255], [45.765499, 4.823747], [45.765517, 4.823802], [45.765509, 4.823877], [45.765341, 4.823725], [45.764996, 4.823379]]"
1309.0,"[[45.774371, 4.829907], [45.77428, 4.83023], [45.774256, 4.830191], [45.7741, 4.829936], [45.774157, 4.829864], [45.77425, 4.829864], [45.774357, 4.829885]]"
1310.0,"[[45.771666, 4.826666], [45.772028, 4.826302], [45.772185, 4.826484], [45.772245, 4.826796], [45.772069, 4.826914], [45.771945, 4.82698]]"
1311.0,"[[45.769042, 4.825551], [45.769236, 4.824457], [45.769491, 4.824264], [45.769543, 4.824349], [45.769655, 4.824564], [45.769618, 4.825519], [45.769385, 4.825818], [45.769266, 4.825862], [45.769225, 4.82583], [45.769057, 4.825615]]"
1312.0,"[[45.752333, 4.827333], [45.752222, 4.827777], [45.752013, 4.827761], [45.751847, 4.827611], [45.752033, 4.827459]]"
1313.0,"[[45.748592, 4.833372], [45.748, 4.8335], [45.747972, 4.833491], [45.747963, 4.83348], [45.747881, 4.833168], [45.747926, 4.833147], [45.748458, 4.8331]]"
1314.0,"[[45.765831, 4.835432], [45.765975, 4.835052], [45.766152, 4.835055], [45.766228, 4.835196], [45.766167, 4.8355], [45.765876, 4.835486]]"
1315.0,"[[45.773008, 4.828341], [45.772999, 4.828666], [45.772787, 4.828701], [45.772724, 4.828587], [45.772679, 4.828469], [45.772641, 4.82818], [45.772972, 4.828191]]"
1316.0,"[[45.749907, 4.825842], [45.750125, 4.825413], [45.750224, 4.825605], [45.750275, 4.825998], [45.750221, 4.826029], [45.750153, 4.826045]]"
1317.0,"[[45.761713, 4.84103], [45.76137, 4.840478], [45.761385, 4.840185], [45.761834, 4.840099], [45.761905, 4.840141], [45.762352, 4.840474], [45.762527, 4.840644], [45.762439, 4.840773], [45.762336, 4.840915], [45.762213, 4.841033], [45.761808, 4.841086]]"
1318.0,"[[45.74842, 4.825015], [45.749445, 4.826045], [45.749165, 4.826491], [45.749101, 4.826562], [45.747915, 4.825788], [45.747911, 4.825336], [45.74809, 4.825143], [45.7482, 4.825091], [45.74823, 4.825079]]"
1319.0,"[[45.755333, 4.842333], [45.755681, 4.842824], [45.755532, 4.843028], [45.755452, 4.843049], [45.755052, 4.842874], [45.754866, 4.842722], [45.754897, 4.842563], [45.754922, 4.842444], [45.75506, 4.842352]]"
1320.0,"[[45.773435, 4.830497], [45.77342, 4.83025], [45.77348, 4.830154], [45.773544, 4.830138], [45.773554, 4.830207], [45.773554, 4.830336], [45.773513, 4.830417]]"
1321.0,"[[45.77345, 4.831141], [45.773225, 4.830894], [45.773494, 4.830669], [45.773569, 4.830722], [45.773734, 4.830851], [45.773584, 4.831087]]"
1322.0,"[[45.751025, 4.82245], [45.751359, 4.822193], [45.751489, 4.822311], [45.751534, 4.822375], [45.751654, 4.822611], [45.751594, 4.822686], [45.751491, 4.82273], [45.751411, 4.822752], [45.751085, 4.822665]]"
1323.0,"[[45.7608, 4.840455], [45.760911, 4.840125], [45.761205, 4.840207], [45.761299, 4.840271], [45.761252, 4.840416], [45.7612, 4.840478], [45.761086, 4.840582], [45.760936, 4.840711], [45.760884, 4.840668], [45.760833, 4.840555]]"
1324.0,"[[45.754139, 4.826163], [45.753894, 4.82593], [45.754417, 4.825397], [45.754505, 4.825463], [45.754356, 4.825873]]"
1325.0,"[[45.772753, 4.833884], [45.773236, 4.833758], [45.773144, 4.833925], [45.772978, 4.834097], [45.772833, 4.83407]]"
1326.0,"[[45.752682, 4.834061], [45.752777, 4.833812], [45.753127, 4.833508], [45.753286, 4.833544], [45.753647, 4.834119], [45.753594, 4.834213], [45.753505, 4.834313], [45.753463, 4.834336], [45.753211, 4.83437], [45.753169, 4.834358]]"
1327.0,"[[45.753011, 4.831219], [45.75338, 4.830791], [45.753441, 4.830825], [45.753386, 4.831116], [45.753211, 4.831565], [45.753119, 4.831491], [45.753055, 4.831388]]"
1328.0,"[[45.755747, 4.84363], [45.755951, 4.843457], [45.755868, 4.843661]]"
1329.0,"[[45.754828, 4.844745], [45.754738, 4.844744], [45.754741, 4.8446], [45.754787, 4.84438], [45.754862, 4.844203]]"
1330.0,"[[45.760252, 4.842124], [45.760494, 4.842102], [45.760697, 4.842149], [45.760744, 4.842245], [45.760766, 4.842338], [45.760791, 4.842447], [45.760652, 4.842513], [45.76055, 4.842505], [45.760352, 4.842477], [45.760261, 4.842213]]"
1331.0,"[[45.748495, 4.826195], [45.748113, 4.826195], [45.747963, 4.826122], [45.747948, 4.82583], [45.748375, 4.826003]]"
1332.0,"[[45.770314, 4.832165], [45.770426, 4.832267], [45.770321, 4.83245], [45.770169, 4.832471], [45.770223, 4.832255]]"
1333.0,"[[45.773899, 4.828523], [45.774, 4.828166], [45.774148, 4.828036], [45.7745, 4.828167], [45.77454, 4.829106], [45.774535, 4.829186], [45.774333, 4.829607], [45.774155, 4.829583], [45.77395, 4.828863]]"
1334.0,"[[45.748337, 4.83186], [45.748472, 4.832128], [45.74839, 4.83233], [45.748372, 4.832336], [45.74812, 4.832375], [45.748218, 4.832042]]"
1335.0,"[[45.765711, 4.8245], [45.765666, 4.824166], [45.765932, 4.824199], [45.766056, 4.82436]]"
1336.0,"[[45.749565, 4.825401], [45.749069, 4.825622], [45.749079, 4.825444], [45.749228, 4.824982], [45.749286, 4.824813], [45.749409, 4.824648], [45.749528, 4.824832], [45.749543, 4.824886], [45.749603, 4.825208]]"
1337.0,"[[45.749019, 4.824167], [45.749016, 4.824513], [45.748883, 4.824391], [45.748863, 4.824277], [45.748876, 4.823995]]"
1338.0,"[[45.7505, 4.837333], [45.7508, 4.83695], [45.750875, 4.837009], [45.750717, 4.837274]]"
1339.0,"[[45.773517, 4.836741], [45.774125, 4.837075], [45.773808, 4.837533], [45.773666, 4.837499], [45.773577, 4.837388]]"
1340.0,"[[45.761191, 4.832653], [45.760951, 4.832589], [45.760951, 4.83245], [45.761063, 4.832202], [45.761212, 4.831977]]"
1341.0,"[[45.747636, 4.824763], [45.748, 4.824833], [45.747941, 4.825122], [45.74753, 4.82538], [45.747506, 4.825272], [45.747495, 4.825102], [45.7475, 4.825], [45.747587, 4.82479]]"
1342.0,"[[45.774471, 4.82757], [45.774288, 4.827268], [45.774316, 4.827243], [45.774444, 4.827222], [45.77449, 4.827353]]"
1343.0,"[[45.753242, 4.831791], [45.753241, 4.831971], [45.753011, 4.831936], [45.752964, 4.831641], [45.75312, 4.83163]]"
1344.0,"[[45.753196, 4.832134], [45.753902, 4.831761], [45.753541, 4.832441]]"
1345.0,"[[45.765996, 4.825594], [45.766138, 4.825615], [45.766041, 4.825959], [45.765969, 4.825977], [45.765876, 4.825959], [45.765936, 4.825701]]"
1346.0,"[[45.776121, 4.833244], [45.775836, 4.832938], [45.775927, 4.832838], [45.776263, 4.83305], [45.776237, 4.83311]]"
1347.0,"[[45.759249, 4.841752], [45.759264, 4.84186], [45.759144, 4.84188], [45.758919, 4.841913], [45.75875, 4.841841], [45.758788, 4.841794], [45.758933, 4.841663], [45.758952, 4.841663]]"
1348.0,"[[45.754873, 4.83864], [45.754997, 4.838341], [45.755453, 4.838624], [45.755395, 4.838744], [45.754918, 4.838801], [45.754903, 4.838801]]"
1349.0,"[[45.753713, 4.832643], [45.753611, 4.833333], [45.753562, 4.833397], [45.753394, 4.8335], [45.753327, 4.833469], [45.753249, 4.833384], [45.753136, 4.832911], [45.753388, 4.832666], [45.753686, 4.832636]]"
1350.0,"[[45.754184, 4.834704], [45.753933, 4.8343], [45.754339, 4.833772], [45.75452, 4.833691], [45.754547, 4.833736], [45.754734, 4.834059], [45.754763, 4.834183], [45.754805, 4.83451], [45.75454, 4.834638]]"
1351.0,"[[45.758039, 4.83702], [45.758219, 4.837213], [45.757942, 4.83746], [45.757836, 4.83735], [45.757863, 4.837186], [45.757872, 4.837174]]"
1352.0,"[[45.770785, 4.82684], [45.770726, 4.827053], [45.770576, 4.826979], [45.770501, 4.826806], [45.770486, 4.826613], [45.770609, 4.826598]]"
1353.0,"[[45.759346, 4.842337], [45.759911, 4.842049], [45.759993, 4.842288], [45.759926, 4.842406], [45.7598, 4.842474], [45.759649, 4.842481]]"
1354.0,"[[45.757749, 4.823405], [45.757493, 4.823234], [45.757564, 4.823003], [45.75777, 4.822965], [45.757861, 4.823024], [45.757832, 4.823391]]"
1355.0,"[[45.752193, 4.83731], [45.752425, 4.837576], [45.752238, 4.837738], [45.75205, 4.837775], [45.751873, 4.837658], [45.752043, 4.837374]]"
1356.0,"[[45.749034, 4.834402], [45.748944, 4.83422], [45.749141, 4.834149], [45.749412, 4.83408], [45.749857, 4.834274], [45.750014, 4.834402], [45.750037, 4.834424], [45.750014, 4.834456], [45.749516, 4.834638]]"
1357.0,"[[45.761984, 4.834198], [45.762313, 4.834284], [45.762291, 4.834497], [45.762119, 4.834939], [45.761984, 4.834649]]"
1358.0,"[[45.770663, 4.825713], [45.770456, 4.826087], [45.769863, 4.825769], [45.769715, 4.825658], [45.769901, 4.825485], [45.770292, 4.825519]]"
1359.0,
1360.0,"[[45.759002, 4.832974], [45.759095, 4.833276], [45.759074, 4.833373], [45.75884, 4.83348], [45.758878, 4.833329]]"
1361.0,"[[45.769568, 4.82681], [45.769319, 4.826753], [45.769333, 4.826666], [45.769402, 4.826319], [45.76961, 4.82613], [45.76991, 4.82627], [45.770175, 4.826503], [45.770142, 4.826538], [45.770005, 4.82666]]"
1362.0,
1363.0,"[[45.746599, 4.823612], [45.746944, 4.823888], [45.746873, 4.824357], [45.746669, 4.824216]]"
1364.0,"[[45.754708, 4.827632], [45.754555, 4.827647], [45.754401, 4.827611], [45.754371, 4.8276], [45.754255, 4.827337], [45.754424, 4.827375], [45.754596, 4.827504]]"
1365.0,"[[45.771534, 4.827407], [45.771743, 4.827493], [45.771893, 4.827783], [45.771803, 4.827879], [45.771686, 4.82788], [45.771591, 4.827722]]"
1366.0,"[[45.772761, 4.82716], [45.773039, 4.826939], [45.773182, 4.826977], [45.773165, 4.827128], [45.773135, 4.827214], [45.772971, 4.827418], [45.772903, 4.827429], [45.772888, 4.827418]]"
1367.0,"[[45.751018, 4.836452], [45.751166, 4.836333], [45.751399, 4.836441], [45.751166, 4.8365]]"
1368.0,"[[45.769402, 4.837327], [45.769591, 4.837265], [45.769566, 4.837461], [45.769558, 4.837469]]"
1369.0,"[[45.752036, 4.830636], [45.751968, 4.830561], [45.752028, 4.830433], [45.752133, 4.83025], [45.752111, 4.830529]]"
1370.0,"[[45.766026, 4.824564], [45.766213, 4.824188], [45.76628, 4.824306], [45.766175, 4.824994], [45.766149, 4.825079], [45.766059, 4.825057]]"
1371.0,"[[45.769313, 4.837732], [45.76919, 4.837528], [45.769334, 4.837525], [45.769483, 4.837675]]"
1372.0,"[[45.773457, 4.828067], [45.773884, 4.82848], [45.773691, 4.828459], [45.773569, 4.828416], [45.773509, 4.828308]]"
1373.0,"[[45.757833, 4.829833], [45.757568, 4.829606], [45.757762, 4.829478], [45.75785, 4.829569]]"
1374.0,
1375.0,"[[45.751277, 4.838266], [45.751175, 4.837866], [45.751194, 4.837841], [45.751327, 4.837786], [45.751388, 4.837777], [45.751427, 4.837899], [45.751437, 4.83805]]"
1376.0,"[[45.751449, 4.827019], [45.751519, 4.826989], [45.751505, 4.827075]]"
1377.0,"[[45.752986, 4.826886], [45.753241, 4.826753], [45.753196, 4.826993], [45.7531, 4.827116], [45.753016, 4.82705]]"
1378.0,"[[45.757572, 4.841938], [45.75785, 4.8419], [45.75783, 4.842017], [45.757714, 4.842018]]"
1379.0,"[[45.757732, 4.821517], [45.757949, 4.82178], [45.757846, 4.821903], [45.75771, 4.821935], [45.757553, 4.821753], [45.757527, 4.821611], [45.757598, 4.821496]]"
1380.0,"[[45.773082, 4.835137], [45.77318, 4.835239], [45.773143, 4.83554], [45.773008, 4.835593], [45.772933, 4.835561], [45.772847, 4.835375], [45.772993, 4.835218]]"
1381.0,"[[45.763017, 4.841816], [45.762844, 4.841827], [45.76265, 4.841591], [45.76259, 4.841515], [45.762957, 4.841516], [45.763017, 4.841687]]"
1382.0,"[[45.764589, 4.826565], [45.764648, 4.826388], [45.764948, 4.826538], [45.76497, 4.82656], [45.764916, 4.826719], [45.764908, 4.826738], [45.764648, 4.826635]]"
1383.0,"[[45.774969, 4.830186], [45.775013, 4.830063], [45.775283, 4.829919], [45.775335, 4.829961], [45.775277, 4.830277], [45.775258, 4.830336], [45.775238, 4.830361], [45.775, 4.830277]]"
1384.0,"[[45.759323, 4.818631], [45.759444, 4.818333], [45.75957, 4.818336], [45.759677, 4.818408], [45.759644, 4.818705], [45.759438, 4.818772], [45.759369, 4.818769]]"
1385.0,"[[45.769094, 4.828662], [45.768918, 4.828362], [45.769064, 4.828136], [45.769334, 4.828319]]"
1388.0,"[[45.756516, 4.826577], [45.757717, 4.824929], [45.757807, 4.824982], [45.757822, 4.82554], [45.757813, 4.825633], [45.757263, 4.827305], [45.757029, 4.827246], [45.756737, 4.827032], [45.756666, 4.826944], [45.756533, 4.826658]]"
1389.0,"[[45.75905, 4.826989], [45.759088, 4.826924], [45.759192, 4.826849], [45.759491, 4.826956], [45.759558, 4.827075], [45.7595, 4.827167], [45.759333, 4.827166], [45.75914, 4.827117]]"
1390.0,"[[45.758896, 4.829336], [45.758908, 4.829177], [45.759491, 4.827697], [45.759532, 4.827675], [45.759738, 4.827697], [45.761945, 4.828158], [45.762066, 4.828341], [45.762082, 4.828411], [45.762086, 4.82885], [45.761838, 4.831069], [45.761783, 4.831495], [45.761691, 4.831541], [45.761153, 4.831548], [45.75993, 4.83045], [45.759274, 4.829837], [45.7589, 4.829403]]"
1391.0,"[[45.759473, 4.832042], [45.759522, 4.831752], [45.759844, 4.831166], [45.759911, 4.831119], [45.760135, 4.831237], [45.760217, 4.831366], [45.760105, 4.831902], [45.760077, 4.832008], [45.759852, 4.832227], [45.759708, 4.832244], [45.759604, 4.83224]]"
1392.0,"[[45.772926, 4.832267], [45.770269, 4.831827], [45.770232, 4.831784], [45.770112, 4.83157], [45.770164, 4.831447], [45.770555, 4.831388], [45.771666, 4.831388], [45.773183, 4.831536], [45.773146, 4.832031], [45.773055, 4.832222]]"
1393.0,"[[45.771878, 4.832729], [45.772361, 4.832906], [45.77235, 4.832954], [45.77229, 4.833136], [45.772273, 4.833168], [45.772207, 4.833201], [45.771977, 4.833293], [45.771839, 4.833276], [45.771466, 4.833126], [45.771447, 4.833075], [45.77145, 4.833038]]"
1394.0,"[[45.770453, 4.837328], [45.770123, 4.83731], [45.770202, 4.837228], [45.770345, 4.837137], [45.77049, 4.837051], [45.770725, 4.837009], [45.770528, 4.837281], [45.770508, 4.837304], [45.770486, 4.837318]]"
1395.0,"[[45.765517, 4.831216], [45.765288, 4.831188], [45.765307, 4.83113], [45.765447, 4.831109], [45.765606, 4.831092], [45.765586, 4.831216]]"
1396.0,"[[45.764506, 4.833651], [45.764491, 4.833033], [45.764589, 4.832718], [45.764806, 4.832739], [45.764918, 4.832997], [45.764951, 4.833082], [45.764963, 4.833158], [45.764988, 4.833511], [45.764975, 4.833544], [45.764952, 4.833587], [45.76491, 4.833662], [45.764828, 4.833769], [45.764753, 4.833834], [45.764708, 4.833871]]"
1397.0,"[[45.766303, 4.832826], [45.766167, 4.833], [45.766033, 4.832933], [45.766, 4.832833], [45.7661, 4.832718], [45.766166, 4.832666], [45.766187, 4.832664], [45.766235, 4.832702], [45.76628, 4.832781]]"
1398.0,"[[45.766366, 4.82714], [45.766347, 4.827525], [45.766138, 4.827697], [45.765666, 4.827879], [45.765614, 4.827879], [45.765583, 4.827852], [45.765644, 4.827257], [45.765694, 4.827152], [45.765816, 4.82701], [45.766072, 4.826945], [45.766333, 4.827]]"
1399.0,"[[45.766243, 4.828512], [45.766486, 4.828453], [45.766586, 4.828497], [45.766629, 4.828596], [45.76675, 4.829407], [45.766744, 4.829671], [45.766542, 4.829585], [45.766408, 4.829469], [45.766116, 4.828952], [45.766077, 4.828863], [45.766166, 4.828666]]"
1400.0,"[[45.760049, 4.828003], [45.760066, 4.827826], [45.760158, 4.827804], [45.760311, 4.827824], [45.760438, 4.827955], [45.760406, 4.828096], [45.760277, 4.828133], [45.760247, 4.828126], [45.76009, 4.828072], [45.760078, 4.828054]]"
1401.0,"[[45.764738, 4.831516], [45.764648, 4.831248], [45.765144, 4.831313], [45.76521, 4.831409], [45.765216, 4.83143], [45.765165, 4.831624], [45.765127, 4.831652], [45.764918, 4.831624]]"
1402.0,"[[45.770105, 4.83022], [45.770238, 4.830372], [45.770172, 4.830422], [45.770157, 4.830433], [45.769999, 4.830472], [45.76988, 4.830465], [45.769842, 4.830325], [45.769932, 4.830243], [45.769936, 4.83024]]"
1403.0,"[[45.769019, 4.832627], [45.768626, 4.832675], [45.768615, 4.832632], [45.768611, 4.8325], [45.768733, 4.832366], [45.768944, 4.83224], [45.768959, 4.832235], [45.768978, 4.832247], [45.769, 4.832333]]"
1404.0,"[[45.768877, 4.831097], [45.769, 4.831167], [45.768877, 4.83135], [45.76878, 4.831302], [45.768836, 4.831111]]"
1405.0,"[[45.768543, 4.830883], [45.768787, 4.830261], [45.768806, 4.83024], [45.769178, 4.830058], [45.769552, 4.830175], [45.769723, 4.83025], [45.769805, 4.830299], [45.769752, 4.830533], [45.769722, 4.830555], [45.768757, 4.831001], [45.768675, 4.830958]]"
1406.0,"[[45.766552, 4.832501], [45.766563, 4.832405], [45.766684, 4.832514], [45.7667, 4.832627], [45.766669, 4.832631]]"
1407.0,"[[45.759833, 4.827333], [45.759948, 4.827075], [45.76006, 4.827075], [45.760244, 4.827203], [45.760223, 4.827353], [45.760011, 4.827469], [45.759891, 4.827413], [45.759839, 4.827364]]"
1408.0,"[[45.771874, 4.834665], [45.772043, 4.834349], [45.772451, 4.834268], [45.772747, 4.834444], [45.77275, 4.834527], [45.772686, 4.834595], [45.772035, 4.834853], [45.771983, 4.834799]]"
1409.0,"[[45.763361, 4.830261], [45.763447, 4.830669], [45.763383, 4.83078], [45.763354, 4.83083], [45.763333, 4.830833], [45.763141, 4.830833], [45.763084, 4.830572], [45.763175, 4.830293]]"
1410.0,"[[45.769169, 4.836044], [45.769076, 4.835826], [45.769094, 4.835765], [45.769104, 4.835736], [45.769189, 4.835718], [45.769331, 4.835804], [45.769338, 4.83589]]"
1411.0,"[[45.770568, 4.836182], [45.77043, 4.836313], [45.770404, 4.836298], [45.770284, 4.836192], [45.770486, 4.836173], [45.770516, 4.836173]]"
1412.0,"[[45.770583, 4.830572], [45.770494, 4.830615], [45.770516, 4.830551], [45.770524, 4.830529], [45.770672, 4.830361], [45.770666, 4.830454]]"
1413.0,"[[45.76973, 4.83321], [45.76981, 4.832975], [45.770232, 4.832772], [45.77037, 4.832997], [45.770598, 4.833394], [45.770471, 4.833437], [45.770183, 4.833494], [45.769816, 4.833363]]"
1414.0,"[[45.759042, 4.826838], [45.759006, 4.82702], [45.758878, 4.827042], [45.758773, 4.827032], [45.75872, 4.826973], [45.758773, 4.826774], [45.75881, 4.826688], [45.758999, 4.8267], [45.75902, 4.826731]]"
1415.0,"[[45.768702, 4.835989], [45.768922, 4.835958], [45.769102, 4.836119], [45.769064, 4.836151], [45.768802, 4.836044]]"
1416.0,"[[45.769378, 4.829397], [45.769364, 4.82936], [45.769431, 4.829263], [45.769596, 4.829236], [45.76969, 4.82925], [45.769783, 4.829285], [45.76979, 4.829306], [45.769761, 4.829409], [45.769453, 4.829455]]"
1417.0,"[[45.75938, 4.825738], [45.759236, 4.825505], [45.759244, 4.825251], [45.759364, 4.825165], [45.760022, 4.825455], [45.76015, 4.82554], [45.760097, 4.825688], [45.759703, 4.825728]]"
1418.0,"[[45.7695, 4.833833], [45.769663, 4.833909], [45.769461, 4.834241], [45.769437, 4.834272], [45.769333, 4.834333], [45.769325, 4.834205], [45.769333, 4.834]]"
1419.0,"[[45.770097, 4.833925], [45.770089, 4.833823], [45.77034, 4.833605], [45.770555, 4.833611], [45.77074, 4.833938], [45.770756, 4.834091], [45.770561, 4.834392], [45.77055, 4.834408]]"
1420.0,"[[45.766755, 4.827233], [45.766596, 4.827107], [45.766437, 4.826924], [45.766375, 4.826797], [45.766524, 4.826581], [45.766669, 4.826538], [45.766737, 4.82657], [45.766804, 4.826678], [45.766834, 4.826871], [45.766819, 4.827002]]"
1421.0,"[[45.760443, 4.825486], [45.760427, 4.825744], [45.76035, 4.825741], [45.760177, 4.825672], [45.760167, 4.825667], [45.76024, 4.825508], [45.760367, 4.825465]]"
1422.0,"[[45.759145, 4.825418], [45.75906, 4.825563], [45.758981, 4.825552], [45.758822, 4.825468], [45.758855, 4.825433], [45.758965, 4.825379], [45.759003, 4.825369], [45.759116, 4.825369]]"
1423.0,"[[45.770838, 4.833335], [45.770875, 4.83312], [45.771049, 4.833098], [45.771133, 4.833195], [45.771137, 4.833227], [45.771111, 4.833333], [45.770988, 4.833399]]"
1424.0,"[[45.771025, 4.835733], [45.771097, 4.835517], [45.771141, 4.835502], [45.771288, 4.835536], [45.771474, 4.835738], [45.771489, 4.835765], [45.771426, 4.835806], [45.771227, 4.835872], [45.771168, 4.835834], [45.771062, 4.835765]]"
1425.0,"[[45.768947, 4.832936], [45.769214, 4.832825], [45.769416, 4.833254], [45.769468, 4.833394], [45.769304, 4.833372], [45.768989, 4.83305]]"
1426.0,"[[45.770995, 4.834424], [45.770815, 4.834156], [45.770897, 4.834152], [45.771111, 4.834166], [45.77115, 4.834294]]"
1427.0,"[[45.767238, 4.827493], [45.768108, 4.827289], [45.768333, 4.827333], [45.768436, 4.827783], [45.768452, 4.828438], [45.768298, 4.828557], [45.768121, 4.828491], [45.767822, 4.828319], [45.767058, 4.827722], [45.767014, 4.827632], [45.767097, 4.82758]]"
1428.0,"[[45.764521, 4.828984], [45.764514, 4.828779], [45.764584, 4.828648], [45.764677, 4.828654], [45.764805, 4.828688], [45.764839, 4.828711], [45.764916, 4.828865], [45.764881, 4.828974], [45.764577, 4.829027]]"
1429.0,"[[45.769161, 4.829354], [45.769064, 4.829488], [45.768817, 4.829607], [45.768776, 4.829585], [45.76868, 4.82934], [45.768691, 4.829325], [45.768997, 4.829322]]"
1430.0,"[[45.769768, 4.832525], [45.769723, 4.832777], [45.769606, 4.832729], [45.769599, 4.832637], [45.769674, 4.832466]]"
1431.0,"[[45.765758, 4.834466], [45.765487, 4.834359], [45.765497, 4.834225], [45.765846, 4.834252]]"
1432.0,"[[45.763032, 4.831731], [45.762927, 4.831502], [45.762972, 4.831388], [45.763, 4.831361], [45.763245, 4.831173], [45.763264, 4.831173], [45.763391, 4.831255], [45.763333, 4.831833], [45.763286, 4.831877], [45.763166, 4.831833]]"
1433.0,"[[45.766777, 4.829727], [45.766916, 4.829725], [45.767043, 4.829794], [45.767058, 4.830003], [45.766984, 4.830111], [45.766924, 4.830143], [45.766677, 4.830121], [45.766614, 4.830045], [45.766576, 4.829962], [45.766627, 4.829886], [45.766666, 4.829833], [45.766719, 4.829775]]"
1434.0,"[[45.760337, 4.826159], [45.760278, 4.825916], [45.760319, 4.825847], [45.7605, 4.826], [45.760352, 4.826152]]"
1435.0,"[[45.770139, 4.835174], [45.770142, 4.835143], [45.770194, 4.835164], [45.770277, 4.835277], [45.770172, 4.835218], [45.770148, 4.83519]]"
1436.0,"[[45.766116, 4.831183], [45.765747, 4.831206], [45.765719, 4.831173], [45.765689, 4.830937], [45.765713, 4.830894], [45.765833, 4.830833], [45.765961, 4.830813], [45.766026, 4.830851], [45.766042, 4.830893]]"
1437.0,"[[45.768319, 4.830186], [45.767969, 4.829708], [45.76805, 4.829499], [45.768323, 4.829542], [45.768531, 4.82981], [45.7686, 4.8301]]"
1438.0,"[[45.7589, 4.826109], [45.758687, 4.826036], [45.758729, 4.825905], [45.758863, 4.825819], [45.758888, 4.825833], [45.758977, 4.825905]]"
1439.0,"[[45.764755, 4.831608], [45.764927, 4.831688], [45.76491, 4.831795], [45.764686, 4.831795], [45.76466, 4.831752], [45.764686, 4.831633]]"
1440.0,"[[45.760151, 4.827637], [45.760144, 4.827494], [45.760168, 4.827459], [45.760245, 4.827439], [45.760255, 4.827476], [45.760277, 4.827632]]"
1441.0,"[[45.760333, 4.828166], [45.760539, 4.827996], [45.760644, 4.828104], [45.760601, 4.82829], [45.7605, 4.828333], [45.760347, 4.828361], [45.760337, 4.828255]]"
1442.0,"[[45.772866, 4.836173], [45.772711, 4.836358], [45.77253, 4.8362], [45.772519, 4.83618], [45.772559, 4.836044], [45.772625, 4.836036], [45.772663, 4.836033], [45.772791, 4.836108]]"
1443.0,"[[45.772038, 4.835361], [45.772116, 4.835463], [45.772094, 4.835513], [45.772083, 4.835533], [45.772022, 4.835547], [45.77189, 4.835513], [45.771781, 4.835464], [45.771751, 4.835422], [45.771751, 4.835368], [45.771858, 4.835341], [45.771927, 4.835347]]"
1444.0,"[[45.757482, 4.827616], [45.757171, 4.8276], [45.757276, 4.827353], [45.757344, 4.827288], [45.757441, 4.827332], [45.757511, 4.82743]]"
1445.0,"[[45.769146, 4.831302], [45.769218, 4.831259], [45.769277, 4.831291], [45.769304, 4.831473], [45.769163, 4.831427]]"
1446.0,"[[45.77095, 4.8329], [45.770857, 4.832723], [45.770898, 4.832643]]"
1447.0,"[[45.770074, 4.833694], [45.770037, 4.833973], [45.769816, 4.834163], [45.769722, 4.834166], [45.769664, 4.834074], [45.769714, 4.833758], [45.769847, 4.833597], [45.769865, 4.833576], [45.769999, 4.833611]]"
1448.0,"[[45.771031, 4.830441], [45.771111, 4.830555], [45.77111, 4.830565], [45.771058, 4.830613], [45.770922, 4.830611], [45.770933, 4.830511], [45.77098, 4.830465]]"
1449.0,"[[45.761976, 4.827922], [45.761991, 4.828083], [45.761932, 4.828083], [45.761848, 4.828082], [45.761909, 4.827933]]"
1450.0,"[[45.765769, 4.826977], [45.765663, 4.826838], [45.765711, 4.826742], [45.765906, 4.826731], [45.765922, 4.826766], [45.765933, 4.826913]]"
1451.0,"[[45.764619, 4.834499], [45.764577, 4.834336], [45.764656, 4.834252], [45.764776, 4.834215], [45.764813, 4.834241], [45.764843, 4.834316], [45.764855, 4.834356], [45.764831, 4.834421], [45.764669, 4.834539]]"
1452.0,
1453.0,"[[45.771713, 4.830057], [45.771683, 4.830164], [45.771501, 4.830154], [45.771399, 4.830068], [45.771408, 4.829924], [45.771413, 4.829862], [45.771504, 4.829885], [45.771708, 4.830036]]"
1454.0,"[[45.771504, 4.83024], [45.771389, 4.830556], [45.771388, 4.830555], [45.771264, 4.830358], [45.771338, 4.830127], [45.771362, 4.830095]]"
1455.0,"[[45.766, 4.832], [45.765919, 4.831947], [45.76593, 4.831872], [45.766, 4.831833], [45.766037, 4.831834], [45.766085, 4.831892], [45.766111, 4.831944]]"
1456.0,"[[45.772098, 4.835842], [45.772, 4.835833], [45.772011, 4.835765], [45.772177, 4.835765]]"
1457.0,"[[45.768546, 4.828017], [45.768499, 4.827949], [45.768544, 4.827917], [45.768742, 4.82789]]"
1458.0,"[[45.765933, 4.830605], [45.766116, 4.830641], [45.766115, 4.830729], [45.765896, 4.830816], [45.765777, 4.8308], [45.765762, 4.830763], [45.765764, 4.830712], [45.765833, 4.830666]]"
1459.0,"[[45.764229, 4.834628], [45.764379, 4.834628], [45.764444, 4.834722], [45.764494, 4.834797], [45.764486, 4.834861], [45.764259, 4.834831], [45.764241, 4.834816]]"
1460.0,"[[45.767762, 4.829006], [45.767852, 4.82907], [45.767799, 4.829242], [45.767711, 4.829246], [45.767732, 4.829124]]"
1461.0,"[[45.76252, 4.831715], [45.762351, 4.83187], [45.762253, 4.83187], [45.762179, 4.831795], [45.762222, 4.831666], [45.762311, 4.831602], [45.7625, 4.831666]]"
1462.0,"[[45.771287, 4.830862], [45.771166, 4.830833], [45.771171, 4.830814], [45.771299, 4.830701], [45.771324, 4.830765]]"
1463.0,"[[45.761817, 4.831151], [45.761988, 4.831019], [45.762187, 4.831055], [45.762179, 4.831151], [45.762096, 4.831334], [45.762091, 4.831341], [45.761969, 4.831366], [45.761849, 4.83128]]"
1464.0,"[[45.766976, 4.836777], [45.766782, 4.836897], [45.766708, 4.836867], [45.766666, 4.836833], [45.766692, 4.836612], [45.766759, 4.836516], [45.766933, 4.836691]]"
1465.0,"[[45.771738, 4.834542], [45.771803, 4.834509], [45.771781, 4.834671]]"
1466.0,"[[45.769551, 4.83599], [45.7695, 4.835881], [45.769541, 4.835811], [45.769597, 4.835786], [45.769657, 4.835779], [45.769753, 4.835851], [45.769791, 4.835884], [45.76979, 4.835885], [45.76963, 4.835999], [45.769622, 4.836002]]"
1467.0,"[[45.769483, 4.834563], [45.769598, 4.834726], [45.769578, 4.834817], [45.769442, 4.83481], [45.769444, 4.834722]]"
1468.0,"[[45.76901, 4.83214], [45.769016, 4.83208], [45.769094, 4.832128], [45.769166, 4.832222], [45.769161, 4.832257], [45.76903, 4.832174]]"
1469.0,"[[45.759327, 4.825943], [45.759364, 4.826109], [45.759271, 4.826152], [45.759199, 4.826134], [45.75905, 4.826066], [45.75908, 4.826033], [45.759269, 4.825961]]"
1470.0,"[[45.75875, 4.823577], [45.758575, 4.8235], [45.758653, 4.823298], [45.7588, 4.823338]]"
1471.0,"[[45.768076, 4.830592], [45.768094, 4.830733], [45.768055, 4.830833], [45.767927, 4.830844], [45.767767, 4.830817], [45.767762, 4.830706], [45.767837, 4.830644]]"
1472.0,"[[45.764978, 4.828126], [45.764833, 4.827999], [45.76506, 4.827944], [45.76511, 4.828006], [45.76512, 4.82804]]"
1473.0,"[[45.757553, 4.825916], [45.757605, 4.825814], [45.757727, 4.825836], [45.757777, 4.825905], [45.757852, 4.826034], [45.757886, 4.826146], [45.757786, 4.826186], [45.757652, 4.826061], [45.757586, 4.825977]]"
1474.0,"[[45.7656, 4.831892], [45.765667, 4.832], [45.765599, 4.832096], [45.765433, 4.832047], [45.765464, 4.831945]]"
1475.0,"[[45.757933, 4.828], [45.757852, 4.827997], [45.757741, 4.827818], [45.757736, 4.827772], [45.757751, 4.827716], [45.757837, 4.827697], [45.75786, 4.827704], [45.758002, 4.827847], [45.758062, 4.827922], [45.757994, 4.827966]]"
1476.0,"[[45.76429, 4.831495], [45.764277, 4.831552], [45.764289, 4.831495]]"
1477.0,"[[45.763578, 4.833292], [45.763559, 4.83327], [45.763564, 4.833221], [45.763644, 4.833174], [45.763666, 4.833166], [45.763661, 4.833233]]"
1478.0,"[[45.757134, 4.824789], [45.757223, 4.824628], [45.757314, 4.824671], [45.757193, 4.8248]]"
1479.0,
1480.0,
1481.0,"[[45.770905, 4.830688], [45.771062, 4.830744], [45.771041, 4.830855], [45.770995, 4.830915], [45.770713, 4.830847], [45.770576, 4.830733], [45.770598, 4.830701]]"
1482.0,"[[45.769513, 4.831881], [45.769644, 4.831902], [45.769738, 4.832038], [45.769697, 4.832196], [45.769672, 4.832213], [45.769633, 4.832203]]"
1483.0,"[[45.766802, 4.829311], [45.766984, 4.829242], [45.76709, 4.829295], [45.766999, 4.829333]]"
1484.0,
1485.0,"[[45.769923, 4.834577], [45.770052, 4.834542], [45.769985, 4.834595]]"
1486.0,"[[45.769685, 4.831752], [45.769618, 4.831708], [45.769633, 4.831677], [45.769678, 4.831602], [45.76979, 4.831602], [45.769902, 4.831634], [45.769835, 4.831795], [45.76982, 4.831806]]"
1487.0,"[[45.771424, 4.837466], [45.771556, 4.837363], [45.771564, 4.837374], [45.771519, 4.837406]]"
1488.0,"[[45.766316, 4.828197], [45.766155, 4.828427], [45.765991, 4.828255], [45.765943, 4.82819], [45.766205, 4.828116], [45.766273, 4.828137]]"
1489.0,"[[45.763732, 4.826393], [45.763705, 4.826227], [45.763788, 4.826152], [45.76384, 4.826216], [45.763819, 4.826286], [45.763792, 4.826366]]"
1490.0,"[[45.770415, 4.833034], [45.770394, 4.832908], [45.770419, 4.832857], [45.770555, 4.832777], [45.770542, 4.832907]]"
1491.0,"[[45.765072, 4.831925], [45.764798, 4.83201], [45.764828, 4.831924], [45.764888, 4.831924]]"
1492.0,"[[45.770333, 4.831], [45.770119, 4.831071], [45.770157, 4.830958], [45.770172, 4.830948]]"
1493.0,"[[45.760996, 4.828184], [45.761071, 4.828255], [45.760919, 4.828448], [45.760875, 4.82843], [45.760891, 4.828255]]"
1494.0,"[[45.76918, 4.831624], [45.769166, 4.8315], [45.76918, 4.831499], [45.769199, 4.831594]]"
1495.0,"[[45.762757, 4.828008], [45.762713, 4.828102], [45.762636, 4.828108], [45.762568, 4.828062], [45.762568, 4.827965], [45.762725, 4.827997]]"
1496.0,"[[45.758631, 4.826731], [45.758533, 4.826645], [45.758541, 4.826602], [45.758631, 4.826517], [45.758694, 4.826527], [45.758825, 4.826624], [45.75875, 4.826678], [45.758713, 4.826699]]"
1497.0,
1498.0,"[[45.76625, 4.830572], [45.76631, 4.8304], [45.76644, 4.830539], [45.766288, 4.830572]]"
1499.0,"[[45.764713, 4.831885], [45.764725, 4.831894], [45.764723, 4.831924], [45.764677, 4.831938], [45.764559, 4.831967], [45.764648, 4.831913]]"
1500.0,"[[45.770391, 4.836819], [45.7704, 4.836877], [45.7704, 4.836886], [45.770277, 4.836902], [45.770364, 4.836837]]"
1501.0,"[[45.7625, 4.828833], [45.762477, 4.828761], [45.762515, 4.828759], [45.762553, 4.828802]]"
1502.0,"[[45.768595, 4.835675], [45.768655, 4.835612], [45.768797, 4.835665], [45.768825, 4.835679], [45.768802, 4.835737], [45.768756, 4.835827], [45.768668, 4.835754], [45.768623, 4.835711]]"
1503.0,
1504.0,"[[45.770404, 4.8366], [45.770424, 4.836472], [45.770524, 4.836537], [45.77055, 4.836819], [45.77053, 4.836802], [45.770434, 4.836675]]"
1505.0,
1506.0,"[[45.771438, 4.829388], [45.771405, 4.829497], [45.771429, 4.82936]]"
1507.0,"[[45.762762, 4.83143], [45.76265, 4.831248], [45.762758, 4.831188], [45.762905, 4.831366], [45.762852, 4.831398]]"
1508.0,"[[45.769261, 4.830852], [45.769169, 4.830948], [45.769064, 4.830776], [45.769064, 4.830733], [45.769158, 4.830725], [45.769229, 4.830797]]"
1509.0,"[[45.76744, 4.829338], [45.767358, 4.829385], [45.767286, 4.829377], [45.767231, 4.829328], [45.767246, 4.829231], [45.767255, 4.82922], [45.767351, 4.829175], [45.767395, 4.829188]]"
1510.0,"[[45.769316, 4.82945], [45.769378, 4.829564], [45.769184, 4.829639], [45.76917, 4.829606], [45.769193, 4.829499], [45.769255, 4.829441], [45.769313, 4.829447]]"
1511.0,"[[45.759634, 4.832718], [45.759547, 4.832583], [45.759566, 4.832561], [45.759637, 4.83257], [45.759676, 4.83263], [45.759666, 4.832666]]"
1512.0,"[[45.765336, 4.831616], [45.765308, 4.83158], [45.765316, 4.831566]]"
1513.0,"[[45.758219, 4.828287], [45.758138, 4.828297], [45.758099, 4.828265], [45.758008, 4.828163], [45.758039, 4.828126], [45.758099, 4.828137], [45.758144, 4.82819]]"
1514.0,"[[45.762119, 4.828577], [45.762119, 4.828448], [45.762134, 4.828437], [45.762194, 4.828394], [45.762298, 4.828448], [45.762333, 4.8285], [45.762321, 4.828536], [45.762222, 4.828611], [45.762179, 4.828598]]"
1515.0,"[[45.769985, 4.828952], [45.770119, 4.828952], [45.770036, 4.829024]]"
1516.0,"[[45.768547, 4.83775], [45.768742, 4.837728], [45.768741, 4.837827], [45.768577, 4.837866]]"
1517.0,"[[45.766168, 4.826592], [45.766269, 4.82675], [45.766199, 4.826817], [45.76614, 4.82681], [45.766123, 4.826753], [45.766124, 4.826728]]"
1518.0,"[[45.762336, 4.8282], [45.762401, 4.828149], [45.762553, 4.828222], [45.762553, 4.828255], [45.762525, 4.828274], [45.762354, 4.828319], [45.762343, 4.828319]]"
1519.0,"[[45.765023, 4.827654], [45.764888, 4.827632], [45.764936, 4.827636]]"
1520.0,"[[45.760952, 4.828535], [45.761018, 4.828652], [45.760958, 4.828748], [45.760899, 4.828748], [45.760811, 4.828641], [45.760915, 4.828555]]"
1521.0,"[[45.773001, 4.836323], [45.77312, 4.83643], [45.773113, 4.836441], [45.772982, 4.836452], [45.772986, 4.836377]]"
1522.0,"[[45.770067, 4.834821], [45.769945, 4.834733], [45.770021, 4.834731], [45.770097, 4.834789]]"
1523.0,"[[45.760332, 4.830901], [45.760166, 4.830833], [45.760255, 4.830738], [45.76035, 4.83078]]"
1524.0,"[[45.765502, 4.828133], [45.765442, 4.828062], [45.765533, 4.827963], [45.765659, 4.827976], [45.765723, 4.827997], [45.765647, 4.828097], [45.76559, 4.828119]]"
1525.0,"[[45.758833, 4.8245], [45.758667, 4.8245], [45.758683, 4.824435], [45.758747, 4.824328], [45.758825, 4.824382], [45.758888, 4.824444]]"
1526.0,
1527.0,"[[45.758563, 4.828737], [45.758668, 4.828748], [45.758777, 4.828813], [45.75884, 4.828898], [45.758793, 4.828982], [45.758761, 4.829002], [45.758661, 4.828963], [45.758601, 4.828898], [45.758563, 4.828811]]"
1528.0,"[[45.763346, 4.825862], [45.763294, 4.825994], [45.763244, 4.825969], [45.76315, 4.825888], [45.763166, 4.825833], [45.763197, 4.825811]]"
1529.0,"[[45.768252, 4.830938], [45.768263, 4.830765], [45.768362, 4.830776], [45.768386, 4.830825], [45.768327, 4.830999]]"
1530.0,"[[45.771201, 4.834156], [45.771414, 4.834145], [45.771416, 4.834197], [45.771414, 4.83422], [45.771332, 4.834295], [45.771213, 4.834216], [45.771205, 4.834194]]"
1531.0,"[[45.764583, 4.83395], [45.764691, 4.833929], [45.764768, 4.834005], [45.764768, 4.834016]]"
1532.0,"[[45.765613, 4.832991], [45.765494, 4.832911], [45.7655, 4.832833], [45.765532, 4.832825], [45.765678, 4.832866]]"
1533.0,
1534.0,"[[45.766307, 4.82792], [45.766232, 4.827868], [45.766318, 4.827804], [45.766388, 4.827777]]"
1535.0,"[[45.771354, 4.832219], [45.771377, 4.832096], [45.771433, 4.832123], [45.771473, 4.832161], [45.771444, 4.832278], [45.771417, 4.832267]]"
1536.0,"[[45.772177, 4.835153], [45.772088, 4.835271], [45.772073, 4.835271], [45.772028, 4.83525], [45.771983, 4.835207], [45.772005, 4.835121], [45.772155, 4.835135]]"
1538.0,
1539.0,
1540.0,
1541.0,
1542.0,
1543.0,
1544.0,"[[45.847827, 4.852091], [45.84775, 4.851919], [45.847833, 4.851833], [45.847886, 4.851808], [45.847916, 4.851825], [45.84793, 4.851833], [45.847988, 4.851938], [45.847997, 4.852102], [45.847961, 4.852133]]"
1545.0,
1546.0,
1547.0,
1548.0,
1549.0,
1550.0,
1551.0,
1552.0,"[[45.837277, 4.826716], [45.837247, 4.826827], [45.837155, 4.826766], [45.837122, 4.826686], [45.837213, 4.826644], [45.837261, 4.826644]]"
1553.0,"[[45.837302, 4.8264], [45.837247, 4.826474], [45.837202, 4.826444], [45.837158, 4.82633], [45.837236, 4.826302], [45.837261, 4.826333]]"
1554.0,"[[45.837294, 4.82612], [45.837222, 4.826111], [45.837222, 4.826055], [45.837291, 4.826055]]"
1555.0,"[[45.837216, 4.826016], [45.837161, 4.82598], [45.837177, 4.825927], [45.8372, 4.825902], [45.837216, 4.8259], [45.837225, 4.825902], [45.837241, 4.825947], [45.837219, 4.826011]]"
1556.0,"[[45.757575, 4.832042], [45.757583, 4.831988], [45.757613, 4.832031], [45.757609, 4.832072]]"
1557.0,"[[45.764416, 4.836484], [45.76444, 4.836462], [45.764439, 4.836494]]"
1558.0,"[[45.760613, 4.833611], [45.7605, 4.833667], [45.760483, 4.833663], [45.760477, 4.833658], [45.760457, 4.833587], [45.760453, 4.833533], [45.760461, 4.833516], [45.760509, 4.833437], [45.760539, 4.833415], [45.760562, 4.833405], [45.760633, 4.833444], [45.760637, 4.833447], [45.760667, 4.833538], [45.760655, 4.833563], [45.760638, 4.833588]]"
1559.0,
1560.0,"[[45.76062, 4.835645], [45.760614, 4.835604], [45.76065, 4.835566], [45.760652, 4.835602], [45.760652, 4.835627], [45.760633, 4.835638]]"
1561.0,"[[45.758035, 4.832073], [45.757991, 4.832058], [45.758022, 4.83203]]"
1562.0,"[[45.757568, 4.832739], [45.757602, 4.832761], [45.757583, 4.832761]]"
1563.0,
1564.0,
1565.0,
1566.0,"[[45.757905, 4.832224], [45.757826, 4.83228], [45.757814, 4.832273], [45.757792, 4.832246], [45.757774, 4.832106], [45.757877, 4.832066], [45.757944, 4.832088], [45.757942, 4.832128]]"
1567.0,"[[45.757999, 4.831815], [45.757983, 4.831809], [45.757987, 4.831795], [45.758011, 4.831774], [45.758005, 4.831813]]"
1568.0,"[[45.757447, 4.833291], [45.757519, 4.833302], [45.757508, 4.833329], [45.757448, 4.833362]]"
1569.0,"[[45.757665, 4.831945], [45.75765, 4.83201], [45.757628, 4.831988], [45.757613, 4.831967], [45.757609, 4.831929], [45.75761, 4.831901], [45.757641, 4.831872], [45.757647, 4.831872], [45.757658, 4.831913]]"
1570.0,"[[45.760996, 4.835561], [45.760929, 4.835529], [45.760973, 4.835529], [45.760981, 4.83554]]"
1571.0,"[[45.758802, 4.830819], [45.758831, 4.830831], [45.758803, 4.83082]]"
1572.0,"[[45.757822, 4.831967], [45.757795, 4.83197], [45.757785, 4.831956], [45.757777, 4.831944], [45.757807, 4.831945]]"
1573.0,"[[45.757933, 4.832183], [45.757949, 4.832203], [45.757942, 4.832203]]"
1574.0,"[[45.757938, 4.833946], [45.757934, 4.833973], [45.75793, 4.833958], [45.757927, 4.833921], [45.75793, 4.833902]]"
1575.0,
1576.0,
1577.0,"[[45.760435, 4.83378], [45.760397, 4.833772], [45.76046, 4.833721], [45.760479, 4.833737], [45.760472, 4.833749], [45.760447, 4.833774]]"
1578.0,
1579.0,"[[45.76045, 4.835593], [45.760494, 4.835561], [45.760592, 4.835625], [45.760581, 4.835691], [45.760569, 4.835694], [45.760521, 4.8357], [45.760487, 4.83569], [45.760463, 4.835633]]"
1580.0,"[[45.760644, 4.835518], [45.760599, 4.835572], [45.760555, 4.835555], [45.760534, 4.835525], [45.760562, 4.835507]]"
1581.0,"[[45.760601, 4.833716], [45.760562, 4.833705], [45.760554, 4.833694], [45.760554, 4.833673], [45.760577, 4.833662], [45.760629, 4.833683], [45.760611, 4.833705]]"
1582.0,
1583.0,"[[45.757683, 4.832052], [45.757665, 4.832096], [45.757643, 4.832096], [45.757628, 4.832074], [45.75765, 4.832042]]"
1584.0,
1585.0,"[[45.757927, 4.831988], [45.757925, 4.832036], [45.757908, 4.832035], [45.757897, 4.832031], [45.757872, 4.832013], [45.757877, 4.831972]]"
1586.0,"[[45.764244, 4.836376], [45.764267, 4.836344], [45.764289, 4.836355], [45.764274, 4.836376]]"
1587.0,"[[45.757785, 4.831699], [45.757838, 4.831713], [45.757815, 4.83172], [45.757792, 4.83172]]"
1588.0,
1589.0,
1590.0,"[[45.757741, 4.832475], [45.7577, 4.83245], [45.757701, 4.83242], [45.757716, 4.832388], [45.75773, 4.83238], [45.75774, 4.832378], [45.757765, 4.832381], [45.757785, 4.832411], [45.75778, 4.832435], [45.757776, 4.832441]]"
1591.0,"[[45.757669, 4.832677], [45.757666, 4.832666], [45.757666, 4.832658]]"
1592.0,"[[45.757646, 4.831836], [45.757688, 4.831877], [45.757687, 4.831881], [45.757613, 4.831859], [45.757613, 4.831854]]"
1593.0,
1594.0,"[[45.764041, 4.835661], [45.76404, 4.835659], [45.764041, 4.835658], [45.764044, 4.835658]]"
1595.0,
1596.0,"[[45.763425, 4.835872], [45.7635, 4.835833], [45.763488, 4.835861], [45.763451, 4.835872]]"
1597.0,
1598.0,
1599.0,"[[45.760693, 4.835572], [45.760711, 4.835518], [45.760726, 4.83554], [45.760703, 4.835578]]"
1600.0,
1601.0,
1602.0,
1603.0,"[[45.763975, 4.836333], [45.763977, 4.836302], [45.76403, 4.836269], [45.764037, 4.836272], [45.764047, 4.836326], [45.764022, 4.836341], [45.763992, 4.836344]]"
1604.0,"[[45.760572, 4.833302], [45.760584, 4.83334], [45.760566, 4.833369], [45.760552, 4.833344], [45.760555, 4.833333]]"
1605.0,"[[45.758011, 4.831333], [45.758049, 4.831323], [45.758047, 4.831345], [45.758027, 4.83135]]"
1606.0,"[[45.757747, 4.831935], [45.757702, 4.831967], [45.757691, 4.831913], [45.75769, 4.831894], [45.75774, 4.831902]]"
1607.0,
1608.0,"[[45.760429, 4.835711], [45.760433, 4.835658], [45.760472, 4.83569], [45.760461, 4.835708], [45.760447, 4.835711]]"
1609.0,"[[45.757661, 4.832277], [45.757635, 4.832267], [45.757646, 4.832265], [45.757663, 4.832263], [45.757694, 4.832261]]"
1610.0,"[[45.757777, 4.832278], [45.757785, 4.832299], [45.757781, 4.832308], [45.757775, 4.832319], [45.757732, 4.83231], [45.757711, 4.832305], [45.757755, 4.83228]]"
1611.0,"[[45.760412, 4.833565], [45.760436, 4.833543], [45.760447, 4.833577], [45.760444, 4.833605], [45.760412, 4.833598]]"
1612.0,"[[45.757747, 4.83201], [45.757702, 4.831988], [45.757743, 4.831978], [45.757762, 4.831994]]"
1613.0,
1614.0,"[[45.760358, 4.835525], [45.76033, 4.835533], [45.760352, 4.835507]]"
1615.0,"[[45.761265, 4.835765], [45.76125, 4.835744], [45.76125, 4.835741], [45.761261, 4.835736], [45.761275, 4.83573], [45.761269, 4.835761]]"
1616.0,"[[45.760457, 4.833694], [45.760397, 4.833689], [45.760425, 4.833622], [45.760455, 4.833672]]"
1617.0,
1618.0,
1619.0,
1620.0,"[[45.760486, 4.835475], [45.760487, 4.835454], [45.760522, 4.835463], [45.760517, 4.835486], [45.760508, 4.835488]]"
1621.0,"[[45.757897, 4.836151], [45.75793, 4.836194], [45.75793, 4.836211], [45.757916, 4.836222], [45.757911, 4.836225], [45.757888, 4.8362], [45.757888, 4.83615]]"
1622.0,
1623.0,
1624.0,
1626.0,
1627.0,"[[45.837488, 4.826627], [45.83747, 4.826613], [45.837486, 4.826611]]"
1628.0,
1629.0,"[[45.837433, 4.826506], [45.837427, 4.826488], [45.83743, 4.826494]]"
1630.0,"[[45.837538, 4.826597], [45.837547, 4.826588], [45.837545, 4.826592]]"
1631.0,
1632.0,"[[45.837418, 4.826184], [45.83741, 4.826163], [45.837416, 4.826177]]"
1633.0,
1634.0,"[[45.837569, 4.82653], [45.837586, 4.826513], [45.837572, 4.826533]]"
1635.0,
1636.0,
1637.0,
1638.0,
1639.0,
1640.0,
1641.0,
1642.0,
1643.0,
1644.0,
1645.0,
1646.0,
1647.0,
1648.0,
1649.0,
1650.0,"[[45.785168, 4.855185], [45.785166, 4.855186], [45.785167, 4.855184]]"
1651.0,
1652.0,
1653.0,
1654.0,
1655.0,
1656.0,
1657.0,
1658.0,
1659.0,
1660.0,
1661.0,
1662.0,
1663.0,
1664.0,
1665.0,
1666.0,
1667.0,
1668.0,
1669.0,
1670.0,
1671.0,
1672.0,"[[45.784163, 4.8525], [45.784166, 4.8525], [45.784163, 4.852505]]"
1673.0,
1674.0,
1675.0,
1676.0,
1677.0,
1678.0,
1679.0,
1680.0,
1681.0,
1682.0,
1683.0,
1684.0,
1685.0,
1686.0,
1687.0,
1688.0,
1689.0,
1690.0,
1691.0,
1692.0,
1693.0,
1694.0,
1695.0,
1696.0,
1697.0,
1698.0,
1699.0,
1700.0,
1701.0,
1702.0,
1703.0,
1704.0,
1705.0,
1706.0,
1707.0,
1708.0,
1709.0,
1710.0,
1711.0,
1712.0,
1713.0,
1714.0,
1715.0,
1716.0,
1717.0,
1718.0,
1719.0,
1720.0,
1721.0,
1722.0,
1723.0,
1724.0,
1725.0,
1726.0,
1727.0,
1728.0,
1729.0,
1730.0,
1731.0,
1732.0,
1733.0,
1734.0,
1735.0,
1736.0,
1737.0,
1738.0,
1739.0,
1740.0,
1741.0,
1742.0,
1743.0,
1744.0,
1745.0,
1746.0,
1747.0,"[[45.7673, 4.834329], [45.767299, 4.834328], [45.7673, 4.834327]]"
1748.0,
1749.0,
1750.0,
1751.0,
1752.0,
1753.0,
1754.0,
1755.0,
1756.0,
1757.0,
1758.0,
1759.0,
1760.0,
1761.0,
1762.0,
1763.0,
1764.0,
1765.0,
1766.0,
1767.0,
1768.0,
1769.0,
1770.0,
1771.0,
1772.0,
1773.0,
1774.0,
1775.0,
1776.0,
1777.0,
1778.0,
1779.0,
1780.0,
1781.0,
1782.0,
1783.0,
1784.0,
1785.0,
1786.0,
1787.0,
1788.0,
1789.0,
1790.0,
1791.0,
1792.0,
1793.0,
1794.0,
1795.0,
1796.0,
1797.0,
1798.0,
1799.0,
1800.0,
1801.0,
1802.0,
1803.0,
1804.0,
1805.0,
1806.0,
1807.0,
1808.0,
1809.0,
1810.0,
1811.0,
1812.0,
1813.0,
1814.0,
1815.0,
1816.0,
1817.0,
1818.0,
1819.0,
1820.0,
1821.0,
1822.0,
1823.0,
1824.0,
1825.0,
1826.0,
1827.0,
1828.0,
1829.0,
1830.0,
1831.0,
1832.0,
1833.0,
1834.0,
1835.0,
1836.0,
1837.0,
1838.0,
1839.0,
1840.0,
1841.0,
1842.0,
1843.0,
1844.0,
1845.0,
1846.0,
1847.0,
1848.0,
1849.0,
1850.0,
1851.0,
1852.0,
1853.0,
1854.0,
1855.0,
1856.0,
1857.0,
1858.0,
1859.0,
1860.0,
1861.0,
1862.0,
1863.0,
1864.0,
1865.0,
1866.0,
1867.0,
1868.0,
1869.0,
1870.0,
1871.0,
