user,id,photo_url
11817998@N05,4394694699,https://live.staticflickr.com/4026/4394694699_51f6e46a13.jpg
30624617@N03,4395181099,https://live.staticflickr.com/2711/4395181099_b09f72aebb.jpg
11545749@N06,4394803790,https://live.staticflickr.com/2708/4394803790_012c142fae.jpg
35853470@N00,4394748717,https://live.staticflickr.com/4049/4394748717_ea92c40d6c.jpg
16197488@N06,4393799139,https://live.staticflickr.com/4048/4393799139_e364449f1d.jpg
16197488@N06,4394565970,https://live.staticflickr.com/4043/4394565970_59bcbce99d.jpg
11545749@N06,4394803554,https://live.staticflickr.com/2686/4394803554_63f632553d.jpg
16197488@N06,4394566432,https://live.staticflickr.com/2678/4394566432_66b398952c.jpg
47924539@N05,4392370105,https://live.staticflickr.com/2718/4392370105_d77522be8e.jpg
40936370@N00,4391929257,https://live.staticflickr.com/4004/4391929257_16a1ca08cb.jpg
47924539@N05,4392367159,https://live.staticflickr.com/4050/4392367159_0984f14ce7.jpg
47924539@N05,4393122952,https://live.staticflickr.com/4050/4393122952_4487020fdc.jpg
40936370@N00,4391929181,https://live.staticflickr.com/4010/4391929181_f775e4711d.jpg
40936370@N00,4391929097,https://live.staticflickr.com/4066/4391929097_897e8f9ec3.jpg
11817998@N05,4394564393,https://live.staticflickr.com/2684/4394564393_0f62fbf5d7.jpg
40936370@N00,4391929053,https://live.staticflickr.com/2736/4391929053_72bd96847d.jpg
10404945@N05,4392269794,https://live.staticflickr.com/4072/4392269794_27d470fc9b.jpg
8836196@N06,4391330105,https://live.staticflickr.com/4070/4391330105_f39b394580.jpg
65917247@N00,4390395039,https://live.staticflickr.com/4037/4390395039_7477c0db19.jpg
9822280@N06,4392097248,https://live.staticflickr.com/2782/4392097248_ef5c23a46a.jpg
38951914@N06,4390679749,https://live.staticflickr.com/2714/4390679749_bb57aa6530.jpg
65917247@N00,4391162040,https://live.staticflickr.com/4071/4391162040_af2f2c05aa.jpg
11817998@N05,4390212637,https://live.staticflickr.com/4053/4390212637_d8f764cace.jpg
26048905@N06,4390967848,null
40936370@N00,4390293252,https://live.staticflickr.com/4061/4390293252_b7be31cf46.jpg
40936370@N00,4390293164,https://live.staticflickr.com/2684/4390293164_2d82347cc5.jpg
40936370@N00,4390293216,https://live.staticflickr.com/2782/4390293216_c67cb2076a.jpg
40936370@N00,4389525047,https://live.staticflickr.com/4053/4389525047_7c70b57e52.jpg
40936370@N00,4389524991,https://live.staticflickr.com/2717/4389524991_a24bbd8488.jpg
40936370@N00,4390292960,https://live.staticflickr.com/4057/4390292960_767e1f2368.jpg
40936370@N00,4389524789,https://live.staticflickr.com/2761/4389524789_4537e601d2.jpg
40936370@N00,4389524737,https://live.staticflickr.com/4070/4389524737_e38219b018.jpg
40936370@N00,4390292820,https://live.staticflickr.com/4055/4390292820_24248e8bbe.jpg
40936370@N00,4389524625,https://live.staticflickr.com/4025/4389524625_ae7d483519.jpg
40936370@N00,4390292730,https://live.staticflickr.com/4011/4390292730_5cf7d67ef0.jpg
40936370@N00,4389524493,https://live.staticflickr.com/4056/4389524493_65bc04e842.jpg
40936370@N00,4390292684,https://live.staticflickr.com/4045/4390292684_4913e0b000.jpg
40936370@N00,4390292596,https://live.staticflickr.com/4053/4390292596_beb623e5c3.jpg
40936370@N00,4390292544,https://live.staticflickr.com/4030/4390292544_f0a6080a5e.jpg
40936370@N00,4390292464,https://live.staticflickr.com/4028/4390292464_31ae4b6345.jpg
40936370@N00,4390292418,https://live.staticflickr.com/4050/4390292418_3b57ab9b44.jpg
40936370@N00,4389524273,https://live.staticflickr.com/2788/4389524273_25bf199348.jpg
40936370@N00,4389524225,https://live.staticflickr.com/2804/4389524225_8d56c57d4d.jpg
40936370@N00,4389524173,https://live.staticflickr.com/4050/4389524173_4bc344effa.jpg
40936370@N00,4389524115,https://live.staticflickr.com/4056/4389524115_8f6f2b412b.jpg
40936370@N00,4390292190,https://live.staticflickr.com/2748/4390292190_97dd6fdd34.jpg
40936370@N00,4390292124,https://live.staticflickr.com/2686/4390292124_4b91af191a.jpg
40936370@N00,4389523961,https://live.staticflickr.com/2730/4389523961_5a3955297a.jpg
40936370@N00,4389523921,https://live.staticflickr.com/4064/4389523921_7cebc2db94.jpg
40936370@N00,4390291916,https://live.staticflickr.com/4059/4390291916_2ef23ee00f_w.jpg
40936370@N00,4389523865,https://live.staticflickr.com/2748/4389523865_ecc6b87c13.jpg
40936370@N00,4389523781,https://live.staticflickr.com/4023/4389523781_a00a747044.jpg
40936370@N00,4389523691,https://live.staticflickr.com/2737/4389523691_213aba78cd.jpg
40936370@N00,4389523663,https://live.staticflickr.com/4066/4389523663_dcd4783e28.jpg
40936370@N00,4389523589,https://live.staticflickr.com/4063/4389523589_7e4e13acbb.jpg
40936370@N00,4389523527,https://live.staticflickr.com/2729/4389523527_065bb966b6.jpg
40936370@N00,4390291600,https://live.staticflickr.com/2742/4390291600_bf0ae74bfd.jpg
40936370@N00,4390291536,https://live.staticflickr.com/2735/4390291536_e5f9fe5af3.jpg
40936370@N00,4390291488,https://live.staticflickr.com/2780/4390291488_61566c80f4.jpg
40936370@N00,4390291450,https://live.staticflickr.com/4052/4390291450_bca21800f0.jpg
30624617@N03,4395181099,https://live.staticflickr.com/2711/4395181099_b09f72aebb.jpg
35853470@N00,4394748717,https://live.staticflickr.com/4049/4394748717_ea92c40d6c.jpg
11817998@N05,4394694699,https://live.staticflickr.com/4026/4394694699_51f6e46a13.jpg
11545749@N06,4394803790,https://live.staticflickr.com/2708/4394803790_012c142fae.jpg
16197488@N06,4394566432,https://live.staticflickr.com/2678/4394566432_66b398952c.jpg
16197488@N06,4393799139,https://live.staticflickr.com/4048/4393799139_e364449f1d.jpg
11545749@N06,4394803554,https://live.staticflickr.com/2686/4394803554_63f632553d.jpg
47924539@N05,4392370105,https://live.staticflickr.com/2718/4392370105_d77522be8e.jpg
16197488@N06,4394565970,https://live.staticflickr.com/4043/4394565970_59bcbce99d.jpg
47924539@N05,4392367159,https://live.staticflickr.com/4050/4392367159_0984f14ce7.jpg
47924539@N05,4393122952,https://live.staticflickr.com/4050/4393122952_4487020fdc.jpg
40936370@N00,4391929257,https://live.staticflickr.com/4004/4391929257_16a1ca08cb.jpg
40936370@N00,4391929181,https://live.staticflickr.com/4010/4391929181_f775e4711d.jpg
40936370@N00,4391929053,https://live.staticflickr.com/2736/4391929053_72bd96847d.jpg
40936370@N00,4391929097,https://live.staticflickr.com/4066/4391929097_897e8f9ec3.jpg
11817998@N05,4394564393,https://live.staticflickr.com/2684/4394564393_0f62fbf5d7.jpg
10404945@N05,4392269794,https://live.staticflickr.com/4072/4392269794_27d470fc9b.jpg
8836196@N06,4391330105,https://live.staticflickr.com/4070/4391330105_f39b394580.jpg
9822280@N06,4392097248,https://live.staticflickr.com/2782/4392097248_ef5c23a46a.jpg
65917247@N00,4390395039,https://live.staticflickr.com/4037/4390395039_7477c0db19.jpg
38951914@N06,4390679749,https://live.staticflickr.com/2714/4390679749_bb57aa6530.jpg
65917247@N00,4391162040,https://live.staticflickr.com/4071/4391162040_af2f2c05aa.jpg
11817998@N05,4390212637,https://live.staticflickr.com/4053/4390212637_d8f764cace.jpg
26048905@N06,4390967848,null
40936370@N00,4390293252,https://live.staticflickr.com/4061/4390293252_b7be31cf46.jpg
40936370@N00,4390293216,https://live.staticflickr.com/2782/4390293216_c67cb2076a.jpg
40936370@N00,4390293164,https://live.staticflickr.com/2684/4390293164_2d82347cc5.jpg
40936370@N00,4389525047,https://live.staticflickr.com/4053/4389525047_7c70b57e52.jpg
40936370@N00,4389524991,https://live.staticflickr.com/2717/4389524991_a24bbd8488.jpg
40936370@N00,4390292960,https://live.staticflickr.com/4057/4390292960_767e1f2368.jpg
40936370@N00,4389524789,https://live.staticflickr.com/2761/4389524789_4537e601d2.jpg
40936370@N00,4389524737,https://live.staticflickr.com/4070/4389524737_e38219b018.jpg
40936370@N00,4390292820,https://live.staticflickr.com/4055/4390292820_24248e8bbe.jpg
40936370@N00,4389524625,https://live.staticflickr.com/4025/4389524625_ae7d483519.jpg
40936370@N00,4390292730,https://live.staticflickr.com/4011/4390292730_5cf7d67ef0.jpg
40936370@N00,4390292684,https://live.staticflickr.com/4045/4390292684_4913e0b000.jpg
40936370@N00,4389524493,https://live.staticflickr.com/4056/4389524493_65bc04e842.jpg
40936370@N00,4390292596,https://live.staticflickr.com/4053/4390292596_beb623e5c3.jpg
40936370@N00,4390292544,https://live.staticflickr.com/4030/4390292544_f0a6080a5e.jpg
40936370@N00,4390292418,https://live.staticflickr.com/4050/4390292418_3b57ab9b44.jpg
40936370@N00,4389524273,https://live.staticflickr.com/2788/4389524273_25bf199348.jpg
40936370@N00,4390292464,https://live.staticflickr.com/4028/4390292464_31ae4b6345.jpg
40936370@N00,4389524225,https://live.staticflickr.com/2804/4389524225_8d56c57d4d.jpg
40936370@N00,4389524173,https://live.staticflickr.com/4050/4389524173_4bc344effa.jpg
40936370@N00,4389524115,https://live.staticflickr.com/4056/4389524115_8f6f2b412b.jpg
40936370@N00,4390292190,https://live.staticflickr.com/2748/4390292190_97dd6fdd34.jpg
40936370@N00,4390292124,https://live.staticflickr.com/2686/4390292124_4b91af191a.jpg
40936370@N00,4389523921,https://live.staticflickr.com/4064/4389523921_7cebc2db94.jpg
40936370@N00,4389523961,https://live.staticflickr.com/2730/4389523961_5a3955297a.jpg
40936370@N00,4390291916,https://live.staticflickr.com/4059/4390291916_2ef23ee00f.jpg
40936370@N00,4389523865,https://live.staticflickr.com/2748/4389523865_ecc6b87c13.jpg
40936370@N00,4389523781,https://live.staticflickr.com/4023/4389523781_a00a747044.jpg
40936370@N00,4389523691,https://live.staticflickr.com/2737/4389523691_213aba78cd.jpg
40936370@N00,4389523663,https://live.staticflickr.com/4066/4389523663_dcd4783e28.jpg
40936370@N00,4389523589,https://live.staticflickr.com/4063/4389523589_7e4e13acbb.jpg
40936370@N00,4389523527,https://live.staticflickr.com/2729/4389523527_065bb966b6.jpg
40936370@N00,4390291600,https://live.staticflickr.com/2742/4390291600_bf0ae74bfd.jpg
40936370@N00,4390291536,https://live.staticflickr.com/2735/4390291536_e5f9fe5af3.jpg
40936370@N00,4390291488,https://live.staticflickr.com/2780/4390291488_61566c80f4.jpg
40936370@N00,4390291450,https://live.staticflickr.com/4052/4390291450_bca21800f0.jpg
40936370@N00,4389523119,https://live.staticflickr.com/4034/4389523119_8110dd2263.jpg
40936370@N00,4390291412,https://live.staticflickr.com/4018/4390291412_958bd10a99.jpg
40936370@N00,4389523055,https://live.staticflickr.com/4055/4389523055_fc9f01bf2b.jpg
45708649@N02,4389378799,https://live.staticflickr.com/4003/4389378799_5e794563cb.jpg
38806112@N05,4389235563,https://live.staticflickr.com/2713/4389235563_0c4e027a3a.jpg
97211956@N00,4389370264,https://live.staticflickr.com/4011/4389370264_234058d45c.jpg
75445510@N00,4389518800,null
45717618@N00,4387622809,https://live.staticflickr.com/4010/4387622809_da0e33fd12.jpg
11817998@N05,4388291694,https://live.staticflickr.com/4022/4388291694_143507ea75.jpg
40936370@N00,4388058472,https://live.staticflickr.com/2783/4388058472_344df1c7c1.jpg
